{
  "collectorConfidenceReasons" : [
    "rewrite_raw_footer_band_metadata_agreement"
  ],
  "collectorConfidenceScore" : 0.92,
  "collectorNumber" : "057\/193",
  "contentRectNormalized" : {
    "height" : 1,
    "width" : 0.999512325577737,
    "x" : 0.00024383721113155034,
    "y" : 0
  },
  "fixtureName" : "ionos-bellibolt-ex-057-193-slight-angle",
  "footerRouting" : {
    "anchorIdentifier" : "057\/193",
    "collectorAnchor" : {
      "height" : 0.043850096994131116,
      "width" : 0.1926199129059735,
      "x" : 0.059189441433065905,
      "y" : 0.8156160456517049
    },
    "reasons" : [
      "footer_band_collector_anchor"
    ]
  },
  "normalizedImageHeight" : 880,
  "normalizedImageWidth" : 630,
  "ocrRequestedGeometryKind" : "fallback",
  "ocrTargetQualityReasons" : [
    "fallback",
    "fallback:no_rectangle_detected",
    "normalization:exact_reticle_fallback"
  ],
  "ocrTargetQualityScore" : 0.4,
  "ocrUsedFallback" : true,
  "passSummaries" : [
    {
      "kind" : "footer_band_wide",
      "label" : "13_raw_footer_band",
      "normalizedRect" : {
        "height" : 0.22,
        "width" : 0.999512325577737,
        "x" : 0.00024383721113155034,
        "y" : 0.78
      },
      "text" : "GX：ルール 3Mus. 5ban Grophics ポケモンexがきばつしたとき、相手はサイド L.22g 057\/193.2",
      "tokens" : [
        {
          "confidence" : 0.3,
          "normalizedBoundingBox" : {
            "height" : 0.024875154467913344,
            "width" : 0.11333885753564288,
            "x" : 0.32790891788915777,
            "y" : 0.7864530758846061
          },
          "text" : "GX：ルール"
        },
        {
          "confidence" : 1,
          "normalizedBoundingBox" : {
            "height" : 0.016704871060171912,
            "width" : 0.14992684076716437,
            "x" : 0.059189441433065905,
            "y" : 0.8156160456517049
          },
          "text" : "3Mus. 5ban Grophics"
        },
        {
          "confidence" : 0.5,
          "normalizedBoundingBox" : {
            "height" : 0.026621433247126288,
            "width" : 0.33216101223982647,
            "x" : 0.31209850852273885,
            "y" : 0.8179355301555256
          },
          "text" : "ポケモンexがきばつしたとき、相手はサイド"
        },
        {
          "confidence" : 0.3,
          "normalizedBoundingBox" : {
            "height" : 0.02112535744478502,
            "width" : 0.07432270911310201,
            "x" : 0.05790801159797816,
            "y" : 0.8386246418910502
          },
          "text" : "L.22g"
        },
        {
          "confidence" : 0.3,
          "normalizedBoundingBox" : {
            "height" : 0.016220252247457864,
            "width" : 0.11607285663110546,
            "x" : 0.13573649770793395,
            "y" : 0.8432458903983782
          },
          "text" : "057\/193.2"
        }
      ]
    },
    {
      "footerFamily" : "modern_left",
      "footerRole" : "set_badge",
      "kind" : "footer_metadata",
      "label" : "14_raw_footer_modern_left_set",
      "normalizedRect" : {
        "height" : 0.098,
        "width" : 0.1379327009297277,
        "x" : 0.00024383721113155034,
        "y" : 0.7844059874552262
      },
      "text" : "-55 12d",
      "tokens" : [
        {
          "confidence" : 1,
          "normalizedBoundingBox" : {
            "height" : 0.009377990430622015,
            "width" : 0.028109507772408962,
            "x" : 0.09045574585836731,
            "y" : 0.8205112505935834
          },
          "text" : "-55"
        },
        {
          "confidence" : 0.3,
          "normalizedBoundingBox" : {
            "height" : 0.013781071129027734,
            "width" : 0.03479201047047452,
            "x" : 0.08875482757405108,
            "y" : 0.8411904058931445
          },
          "text" : "12d"
        }
      ]
    },
    {
      "footerFamily" : "modern_left",
      "footerRole" : "collector",
      "kind" : "footer_metadata",
      "label" : "15_raw_footer_modern_left_collector",
      "normalizedRect" : {
        "height" : 0.09647021338708846,
        "width" : 0.3467158432307523,
        "x" : 0.00024383721113155034,
        "y" : 0.7893059874552262
      },
      "text" : "ius. 55ca Graphies ポケ D C20 05711932R D20s BolEn",
      "tokens" : [
        {
          "confidence" : 1,
          "normalizedBoundingBox" : {
            "height" : 0.014447230024153344,
            "width" : 0.14896916458203424,
            "x" : 0.06022699733229994,
            "y" : 0.8163362887528731
          },
          "text" : "ius. 55ca Graphies"
        },
        {
          "confidence" : 0.3,
          "normalizedBoundingBox" : {
            "height" : 0.01211703163316087,
            "width" : 0.03032115739280342,
            "x" : 0.31202443385525813,
            "y" : 0.8312495585396947
          },
          "text" : "ポケ"
        },
        {
          "confidence" : 0.3,
          "normalizedBoundingBox" : {
            "height" : 0.024140060298394096,
            "width" : 0.19464829733440472,
            "x" : 0.056832519341568334,
            "y" : 0.8364229963433815
          },
          "text" : "D C20 05711932R"
        },
        {
          "confidence" : 0.3,
          "normalizedBoundingBox" : {
            "height" : 0.012583071311359367,
            "width" : 0.08371276062795731,
            "x" : 0.2447905637379945,
            "y" : 0.8629402565606555
          },
          "text" : "D20s BolEn"
        }
      ]
    },
    {
      "footerFamily" : "legacy_right_mid",
      "footerRole" : "set_badge",
      "kind" : "footer_metadata",
      "label" : "16_raw_footer_legacy_right_mid_set",
      "normalizedRect" : {
        "height" : 0.102,
        "width" : 0.12493904069721712,
        "x" : 0.00024383721113155034,
        "y" : 0.7793810941487704
      },
      "text" : "3.56 ①",
      "tokens" : [
        {
          "confidence" : 0.3,
          "normalizedBoundingBox" : {
            "height" : 0.009780821917808212,
            "width" : 0.034851416615539525,
            "x" : 0.08309814843382347,
            "y" : 0.8203673954487705
          },
          "text" : "3.56"
        },
        {
          "confidence" : 0.3,
          "normalizedBoundingBox" : {
            "height" : 0.020493154238348136,
            "width" : 0.018412074172270077,
            "x" : 0.058767911630506764,
            "y" : 0.8380660238000917
          },
          "text" : "①"
        }
      ]
    },
    {
      "footerFamily" : "legacy_right_mid",
      "footerRole" : "collector",
      "kind" : "footer_metadata",
      "label" : "17_raw_footer_legacy_right_mid_collector",
      "normalizedRect" : {
        "height" : 0.1,
        "width" : 0.3467158432307523,
        "x" : 0.00024383721113155034,
        "y" : 0.7875410941487704
      },
      "text" : "Jllus. 5ban Graphics ポケ D Z2d 057\/193 28 D2035 B0",
      "tokens" : [
        {
          "confidence" : 1,
          "normalizedBoundingBox" : {
            "height" : 0.015420560747663537,
            "width" : 0.1483100089865385,
            "x" : 0.06022699722518716,
            "y" : 0.8155784772873996
          },
          "text" : "Jllus. 5ban Graphics"
        },
        {
          "confidence" : 0.3,
          "normalizedBoundingBox" : {
            "height" : 0.011682242990654214,
            "width" : 0.029002846201811955,
            "x" : 0.3133427449600523,
            "y" : 0.8309990380973685
          },
          "text" : "ポケ"
        },
        {
          "confidence" : 0.3,
          "normalizedBoundingBox" : {
            "height" : 0.021495327102803732,
            "width" : 0.19247343388475222,
            "x" : 0.058249528862219555,
            "y" : 0.8370738043395803
          },
          "text" : "D Z2d 057\/193 28"
        },
        {
          "confidence" : 0.3,
          "normalizedBoundingBox" : {
            "height" : 0.010747663551401877,
            "width" : 0.06064231478560688,
            "x" : 0.24742718569340952,