{
  "collectorConfidenceReasons" : [
    "rewrite_raw_footer_band_wide"
  ],
  "collectorConfidenceScore" : 0.66,
  "collectorNumber" : "057\/193",
  "contentRectNormalized" : {
    "height" : 1,
    "width" : 0.999512325577737,
    "x" : 0.00024383721113155034,
    "y" : 0
  },
  "fixtureName" : "ionos-bellibolt-ex-057-193-slight-angle",
  "footerRouting" : {
    "anchorIdentifier" : "057\/193",
    "collectorAnchor" : {
      "height" : 0.016220252247457823,
      "width" : 0.11607285663110545,
      "x" : 0.13573649770793395,
      "y" : 0.8432458903983782
    },
    "reasons" : [
      "footer_band_collector_anchor"
    ]
  },
  "normalizedImageHeight" : 880,
  "normalizedImageWidth" : 630,
  "ocrRequestedGeometryKind" : "fallback",
  "ocrTargetQualityReasons" : [
    "fallback",
    "fallback:no_rectangle_detected",
    "normalization:exact_reticle_fallback"
  ],
  "ocrTargetQualityScore" : 0.4,
  "ocrUsedFallback" : true,
  "passSummaries" : [
    {
      "kind" : "footer_band_wide",
      "label" : "13_raw_footer_band",
      "normalizedRect" : {
        "height" : 0.22,
        "width" : 0.999512325577737,
        "x" : 0.00024383721113155034,
        "y" : 0.78
      },
      "text" : "GX：ルール Illus: Sban Grophies ポケモンexがきばつしたとき、相手はサイド L.22g 057\/193.2",
      "tokens" : [
        {
          "confidence" : 0.3,
          "normalizedBoundingBox" : {
            "height" : 0.024875154467913344,
            "width" : 0.11333885753564288,
            "x" : 0.32790891788915777,
            "y" : 0.7864530758846061
          },
          "text" : "GX：ルール"
        },
        {
          "confidence" : 0.3,
          "normalizedBoundingBox" : {
            "height" : 0.016704871060171912,
            "width" : 0.14992684076716437,
            "x" : 0.059189441433065905,
            "y" : 0.8156160456517049
          },
          "text" : "Illus: Sban Grophies"
        },
        {
          "confidence" : 0.3,
          "normalizedBoundingBox" : {
            "height" : 0.026621433247126288,
            "width" : 0.33216101223982647,
            "x" : 0.31209850852273885,
            "y" : 0.8179355301555256
          },
          "text" : "ポケモンexがきばつしたとき、相手はサイド"
        },
        {
          "confidence" : 0.3,
          "normalizedBoundingBox" : {
            "height" : 0.02112535744478502,
            "width" : 0.07432270911310201,
            "x" : 0.05790801159797816,
            "y" : 0.8386246418910502
          },
          "text" : "L.22g"
        },
        {
          "confidence" : 0.3,
          "normalizedBoundingBox" : {
            "height" : 0.016220252247457864,
            "width" : 0.11607285663110546,
            "x" : 0.13573649770793395,
            "y" : 0.8432458903983782
          },
          "text" : "057\/193.2"
        }
      ]
    },
    {
      "kind" : "header_wide",
      "label" : "12_raw_header_wide_lowered",
      "normalizedRect" : {
        "height" : 0.22,
        "width" : 0.8795708465084086,
        "x" : 0.06021457674579577,
        "y" : 0.05
      },
      "text" : "",
      "tokens" : [

      ]
    },
    {
      "kind" : "header_wide",
      "label" : "12_raw_header_wide",
      "normalizedRect" : {
        "height" : 0.2,
        "width" : 0.8795708465084086,
        "x" : 0.06021457674579577,
        "y" : 0
      },
      "text" : "2804 ナンジャモのハラハリー（g",
      "tokens" : [
        {
          "confidence" : 0.3,
          "normalizedBoundingBox" : {
            "height" : 0.07385410825237959,
            "width" : 0.16843664090554672,
            "x" : 0.6534039778242503,
            "y" : -0.0056256240183164335
          },
          "text" : "2804"
        },
        {
          "confidence" : 0.3,
          "normalizedBoundingBox" : {
            "height" : 0.0852601963359716,
            "width" : 0.30919765461737764,
            "x" : 0.2236263148930749,
            "y" : 0.06003844050432577
          },
          "text" : "ナンジャモのハラハリー（g"
        }
      ]
    }
  ],
  "scanID" : "8CAE113F-71C9-410F-AC29-D34E75B6E45A",
  "setConfidenceReasons" : [

  ],
  "setHintTokens" : [

  ],
  "stage1AssessmentReasons" : [
    "collector_signal_weak",
    "title_signal_weak",
    "set_signal_weak",
    "target_quality_too_low_for_escalation",
    "fallback_exact_collector_allows_header_rescue"
  ],
  "titleConfidenceScore" : 0.38000001192092897,
  "titleTextPrimary" : "ナンジャモのハラハリー（g",
  "warnings" : [
    "Target selection used fallback crop",
    "Target selection confidence is weak",
    "Rewrite raw escalation used focused ROIs",
    "Low-confidence rewrite raw evidence"
  ]
}