{
  "collectorConfidenceReasons" : [
    "rewrite_raw_footer_band_wide"
  ],
  "collectorConfidenceScore" : 0.66,
  "collectorNumber" : "185\/152",
  "contentRectNormalized" : {
    "height" : 0.9998651200431615,
    "width" : 1,
    "x" : 0,
    "y" : 6.743997841925617e-05
  },
  "fixtureName" : "lt-surges-bargain-185-132",
  "footerRouting" : {
    "anchorIdentifier" : "185\/152",
    "collectorAnchor" : {
      "height" : 0.023780575178227625,
      "width" : 0.20416666128437777,
      "x" : 0.2125000052432277,
      "y" : 0.8602216772823648
    },
    "reasons" : [
      "footer_band_collector_anchor"
    ]
  },
  "normalizedImageHeight" : 880,
  "normalizedImageWidth" : 630,
  "ocrRequestedGeometryKind" : "fallback",
  "ocrTargetQualityReasons" : [
    "fallback",
    "fallback:best_rectangle_aspect_mismatch",
    "normalization:exact_reticle_fallback"
  ],
  "ocrTargetQualityScore" : 0.58,
  "ocrUsedFallback" : true,
  "passSummaries" : [
    {
      "kind" : "footer_band_wide",
      "label" : "13_raw_footer_band",
      "normalizedRect" : {
        "height" : 0.21997032640949554,
        "width" : 1,
        "x" : 0,
        "y" : 0.7799622336120853
      },
      "text" : "You may play only I Supporter card during Ilus, osare your turn. D MEGE 185\/152公公 D2025 Pokemon \/ Nintendo \/ Creatures \/ GAME FREAK",
      "tokens" : [
        {
          "confidence" : 1,
          "normalizedBoundingBox" : {
            "height" : 0.020918729279096885,
            "width" : 0.44166664513751097,
            "x" : 0.4458333496187443,
            "y" : 0.8186056697317299
          },
          "text" : "You may play only I Supporter card during"
        },
        {
          "confidence" : 0.3,
          "normalizedBoundingBox" : {
            "height" : 0.020234854128075047,
            "width" : 0.10641025361560641,
            "x" : 0.21282051450629935,
            "y" : 0.8376335369621454
          },
          "text" : "Ilus, osare"
        },
        {
          "confidence" : 0.5,
          "normalizedBoundingBox" : {
            "height" : 0.01660425691094664,
            "width" : 0.10179697268854376,
            "x" : 0.4484604873464599,
            "y" : 0.8449835474281968
          },
          "text" : "your turn."
        },
        {
          "confidence" : 0.3,
          "normalizedBoundingBox" : {
            "height" : 0.02378057517822764,
            "width" : 0.20416666128437777,
            "x" : 0.2125000052432277,
            "y" : 0.8602216772823648
          },
          "text" : "D MEGE 185\/152公公"
        },
        {
          "confidence" : 0.5,
          "normalizedBoundingBox" : {
            "height" : 0.014621014344598279,
            "width" : 0.3133436199638999,
            "x" : 0.394605015304761,
            "y" : 0.8838491778888183
          },
          "text" : "D2025 Pokemon \/ Nintendo \/ Creatures \/ GAME FREAK"
        }
      ]
    },
    {
      "kind" : "header_wide",
      "label" : "12_raw_header_wide_lowered",
      "normalizedRect" : {
        "height" : 0.21997032640949554,
        "width" : 0.88,
        "x" : 0.06,
        "y" : 0.05006069598057734
      },
      "text" : "port•r Lt. Surge's Bargain",
      "tokens" : [
        {
          "confidence" : 0.5,
          "normalizedBoundingBox" : {
            "height" : 0.020107855677249615,
            "width" : 0.12047172289231295,
            "x" : 0.25838737507734655,
            "y" : 0.1701041235508382
          },
          "text" : "port•r"
        },
        {
          "confidence" : 0.5,
          "normalizedBoundingBox" : {
            "height" : 0.04712577963622804,
            "width" : 0.40697148499368535,
            "x" : 0.19169784081053123,
            "y" : 0.1964992756912899
          },
          "text" : "Lt. Surge's Bargain"
        }
      ]
    }
  ],
  "scanID" : "8E5C9621-46A7-4EA9-993C-B6D3BD4B150A",
  "setConfidenceReasons" : [

  ],
  "setHintTokens" : [

  ],
  "stage1AssessmentReasons" : [
    "collector_signal_weak",
    "title_signal_weak",
    "set_signal_weak",
    "fallback_exact_collector_allows_header_rescue"
  ],
  "titleConfidenceScore" : 0.72,
  "titleTextPrimary" : "port•r Lt Surge's Bargain",
  "warnings" : [
    "Target selection used fallback crop",
    "Rewrite raw escalation used focused ROIs"
  ]
}