{
  "collectorConfidenceReasons" : [
    "rewrite_raw_footer_band_metadata_agreement"
  ],
  "collectorConfidenceScore" : 0.92,
  "collectorNumber" : "057\/193",
  "contentRectNormalized" : {
    "height" : 0.9983575994318182,
    "width" : 1,
    "x" : 0,
    "y" : 0.0008212002840909091
  },
  "fixtureName" : "ionos-bellibolt-ex-057-193-overhead",
  "footerRouting" : {
    "anchorIdentifier" : "057\/193",
    "collectorAnchor" : {
      "height" : 0.012945227989783592,
      "width" : 0.12757732250072334,
      "x" : 0.1726804096388136,
      "y" : 0.8718384302805221
    },
    "reasons" : [
      "footer_band_collector_anchor"
    ]
  },
  "normalizedImageHeight" : 880,
  "normalizedImageWidth" : 630,
  "ocrRequestedGeometryKind" : "raw_card",
  "ocrTargetQualityReasons" : [
    "raw_card",
    "fallback:best_rectangle_aspect_mismatch",
    "normalization:fallback_search_partial_card_salvaged"
  ],
  "ocrTargetQualityScore" : 0.7949672021182151,
  "ocrUsedFallback" : true,
  "passSummaries" : [
    {
      "kind" : "footer_band_wide",
      "label" : "13_raw_footer_band",
      "normalizedRect" : {
        "height" : 0.21963867187500002,
        "width" : 1,
        "x" : 0,
        "y" : 0.7795401278409092
      },
      "text" : "x2 にぜる * * exルール Ilus, Sban Grophics #2g ポケセンのXがさぜつしたとさ 、相合はサイドを2枚とる 057\/193 RR",
      "tokens" : [
        {
          "confidence" : 1,
          "normalizedBoundingBox" : {
            "height" : 0.02013354444446471,
            "width" : 0.047680412440493425,
            "x" : 0.20103092785308974,
            "y" : 0.7960130283787232
          },
          "text" : "x2"
        },
        {
          "confidence" : 0.3,
          "normalizedBoundingBox" : {
            "height" : 0.010168457031249998,
            "width" : 0.0670103042844743,
            "x" : 0.5889175291077627,
            "y" : 0.7978433505593142
          },
          "text" : "にぜる"
        },
        {
          "confidence" : 0.3,
          "normalizedBoundingBox" : {
            "height" : 0.023794190407945552,
            "width" : 0.03865979377975326,
            "x" : 0.6739690723580146,
            "y" : 0.7896068997828382
          },
          "text" : "*"
        },
        {
          "confidence" : 0.5,
          "normalizedBoundingBox" : {
            "height" : 0.021963866232679437,
            "width" : 0.03865979377975326,
            "x" : 0.7074742265453222,
            "y" : 0.7886917397118132
          },
          "text" : "*"
        },
        {
          "confidence" : 0.3,
          "normalizedBoundingBox" : {
            "height" : 0.018634248799286234,
            "width" : 0.1135074272357598,
            "x" : 0.3865452554214065,
            "y" : 0.8242175098645221
          },
          "text" : "exルール"
        },
        {
          "confidence" : 1,
          "normalizedBoundingBox" : {
            "height" : 0.01478337214543269,
            "width" : 0.17139175119013172,
            "x" : 0.07603092937701318,
            "y" : 0.8436014073791582
          },
          "text" : "Ilus, Sban Grophics"
        },
        {
          "confidence" : 0.3,
          "normalizedBoundingBox" : {
            "height" : 0.015557738780402203,
            "width" : 0.04381443205333892,
            "x" : 0.10953608274910374,
            "y" : 0.8655652744667535
          },
          "text" : "#2g"
        },
        {
          "confidence" : 0.3,
          "normalizedBoundingBox" : {
            "height" : 0.015682889498197117,
            "width" : 0.2396907099971065,
            "x" : 0.3737113480297972,
            "y" : 0.8599491570111878
          },
          "text" : "ポケセンのXがさぜつしたとさ"
        },
        {
          "confidence" : 0.3,
          "normalizedBoundingBox" : {
            "height" : 0.02003373227726953,
            "width" : 0.2006010025266618,
            "x" : 0.6103699768190077,
            "y" : 0.8548449000594157
          },
          "text" : "、相合はサイドを2枚とる"
        },
        {
          "confidence" : 1,
          "normalizedBoundingBox" : {
            "height" : 0.012945227989783625,
            "width" : 0.12757732250072334,
            "x" : 0.1726804096388136,
            "y" : 0.8718384302805221
          },
          "text" : "057\/193 RR"
        }
      ]
    },
    {
      "footerFamily" : "modern_left",
      "footerRole" : "set_badge",
      "kind" : "footer_metadata",
      "label" : "14_raw_footer_modern_left_set",
      "normalizedRect" : {
        "height" : 0.09783904474431819,
        "width" : 0.138,
        "x" : 0,
        "y" : 0.8274946424643342
      },
      "text" : "",
      "tokens" : [

      ]
    },
    {
      "footerFamily" : "modern_left",
      "footerRole" : "collector",
      "kind" : "footer_metadata",
      "label" : "15_raw_footer_modern_left_collector",
      "normalizedRect" : {
        "height" : 0.09184889914772727,
        "width" : 0.275,
        "x" : 0.09896907088917525,
        "y" : 0.8323865947015502
      },
      "text" : "1. Sban Graphics 057\/193 RR",
      "tokens" : [
        {
          "confidence" : 1,
          "normalizedBoundingBox" : {
            "height" : 0.013054665868712505,
            "width" : 0.1513157894736842,
            "x" : 0.0989690719700023,
            "y" : 0.8440425463500618
          },
          "text" : "1. Sban Graphics"
        },
        {
          "confidence" : 1,
          "normalizedBoundingBox" : {
            "height" : 0.013987142002191972,
            "width" : 0.12718749799226461,
            "x" : 0.17344823813002214,
            "y" : 0.8713174733894676
          },
          "text" : "057\/193 RR"
        }
      ]
    },
    {
      "footerFamily" : "legacy_right_mid",
      "footerRole" : "set_badge",
      "kind" : "footer_metadata",
      "label" : "16_raw_footer_legacy_right_mid_set",
      "normalizedRect" : {
        "height" : 0.10183247514204545,
        "width" : 0.125,
        "x" : 0.07414948063852425,
        "y" : 0.8202465662924593
      },
      "text" : "Ius, Sban Gre 05",
      "tokens" : [
        {
          "confidence" : 1,
          "normalizedBoundingBox" : {
            "height" : 0.01411106460720793,
            "width" : 0.12480482459068298,
            "x" : 0.07389212668165852,
            "y" : 0.8425397507259742
          },
          "text" : "Ius, Sban Gre"
        },
        {
          "confidence" : 1,
          "normalizedBoundingBox" : {
            "height" : 0.011624711774206096,
            "width" : 0.02734375,
            "x" : 0.1711546888199479,
            "y" : 0.8718602865880173
          },
          "text" : "05"
        }
      ]
    },
    {
      "footerFamily" : "legacy_right_mid",
      "footerRole" : "collector",
      "kind" : "footer_metadata",
      "label" : "17_raw_footer_legacy_right_mid_collector",
      "normalizedRect" : {
        "height" : 0.09983575994318183,
        "width" : 0.22963918050130203,
        "x" : 0.12164948063852425,
        "y" : 0.8283931643038229
      },
      "text" : "Sban Graphics 057\/193 RR",
      "tokens" : [
        {
          "confidence" : 1,
          "normalizedBoundingBox" : {
            "height" : 0.01352914503902932,
            "width" : 0.12757732250072334,
            "x" : 0.12164948134728715,
            "y" : 0.8442549205383354
          },
          "text" : "Sban Graphics"
        },
        {
          "confidence" : 1,
          "normalizedBoundingBox" : {
            "height" : 0.013062622796304166,
            "width" : 0.12561459446225068,
            "x" : 0.17464313792262726,
            "y" : 0.8717797327956204
          },
          "text" : "057\/193 RR"
        }
      ]
    },
    {
      "footerFamily" : "legacy_right_corner",
      "footerRole" : "set_badge",
      "kind" : "footer_metadata",
      "label" : "18_raw_footer_legacy_right_corner_set",
      "normalizedRect" : {
        "height" : 0.10482754794034091,
        "width" : 0.115,
        "x" : 0.24203866113982625,