{
  "collectorConfidenceReasons" : [
    "rewrite_raw_footer_band_metadata_agreement"
  ],
  "collectorConfidenceScore" : 0.92,
  "collectorNumber" : "163\/091",
  "contentRectNormalized" : {
    "height" : 0.9996807967313586,
    "width" : 1,
    "x" : 0,
    "y" : 0.00015960163432069408
  },
  "fixtureName" : "rabsca-163-091",
  "footerRouting" : {
    "anchorIdentifier" : "163\/091",
    "collectorAnchor" : {
      "height" : 0.016296057699038302,
      "width" : 0.10533195912732865,
      "x" : 0.15759043117119245,
      "y" : 0.8876839132470172
    },
    "reasons" : [
      "footer_band_collector_anchor"
    ]
  },
  "normalizedImageHeight" : 880,
  "normalizedImageWidth" : 630,
  "ocrRequestedGeometryKind" : "raw_card",
  "ocrTargetQualityReasons" : [
    "raw_card",
    "fallback:best_rectangle_aspect_mismatch",
    "normalization:fallback_search_partial_card_salvaged"
  ],
  "ocrTargetQualityScore" : 0.7840345839870445,
  "ocrUsedFallback" : true,
  "passSummaries" : [
    {
      "kind" : "footer_band_wide",
      "label" : "13_raw_footer_band",
      "normalizedRect" : {
        "height" : 0.21992977528089888,
        "width" : 1,
        "x" : 0,
        "y" : 0.7799106230847804
      },
      "text" : "eakness x 2 resistance -30 retreat Mlus. Nelnal The body that supports the ball barely moves. Therefore, it is thought that the true body of PAF EN 163\/091 this Pokémon is actually inside the bal!. 02024 Pokémon \/ N endo \/Creatures \/ GAME FREAK",
      "tokens" : [
        {
          "confidence" : 0.5,
          "normalizedBoundingBox" : {
            "height" : 0.013962816481910953,
            "width" : 0.08468399182408787,
            "x" : 0.06663236390860161,
            "y" : 0.8063768681424769
          },
          "text" : "eakness"
        },
        {
          "confidence" : 0.3,
          "normalizedBoundingBox" : {
            "height" : 0.022909352393064502,
            "width" : 0.05384615405316498,
            "x" : 0.19102564119136622,
            "y" : 0.8028199742163243
          },
          "text" : "x 2"
        },
        {
          "confidence" : 1,
          "normalizedBoundingBox" : {
            "height" : 0.014661984858465742,
            "width" : 0.10256410359915813,
            "x" : 0.30897435802093376,
            "y" : 0.806485470864733
          },
          "text" : "resistance"
        },
        {
          "confidence" : 0.5,
          "normalizedBoundingBox" : {
            "height" : 0.02382572629647409,
            "width" : 0.0756410265725756,
            "x" : 0.4487179486011766,
            "y" : 0.8028199744883842
          },
          "text" : "-30"
        },
        {
          "confidence" : 1,
          "normalizedBoundingBox" : {
            "height" : 0.013910420801944974,
            "width" : 0.07598592364598833,
            "x" : 0.6229044738088629,
            "y" : 0.80869400103483
          },
          "text" : "retreat"
        },
        {
          "confidence" : 0.3,
          "normalizedBoundingBox" : {
            "height" : 0.016742518364870777,
            "width" : 0.11714354015531994,
            "x" : 0.051043615555357545,
            "y" : 0.8540130295042097
          },
          "text" : "Mlus. Nelnal"
        },
        {
          "confidence" : 1,
          "normalizedBoundingBox" : {
            "height" : 0.021396684352699372,
            "width" : 0.5028678988233024,
            "x" : 0.44985722126575783,
            "y" : 0.8434226044486607
          },
          "text" : "The body that supports the ball barely moves."
        },
        {
          "confidence" : 1,
          "normalizedBoundingBox" : {
            "height" : 0.021600794565431618,
            "width" : 0.48746012800374783,
            "x" : 0.46651498491442833,
            "y" : 0.8657040696286089
          },
          "text" : "Therefore, it is thought that the true body of"
        },
        {
          "confidence" : 1,
          "normalizedBoundingBox" : {
            "height" : 0.01649473266528489,
            "width" : 0.05384615405316495,
            "x" : 0.08717948732073685,
            "y" : 0.8807117702955943
          },
          "text" : "PAF EN"
        },
        {
          "confidence" : 1,
          "normalizedBoundingBox" : {
            "height" : 0.016296057699038354,
            "width" : 0.10533195912732865,
            "x" : 0.15759043117119245,
            "y" : 0.8876839132470172
          },
          "text" : "163\/091"
        },
        {
          "confidence" : 1,
          "normalizedBoundingBox" : {
            "height" : 0.02068363698650047,
            "width" : 0.43752131386408744,
            "x" : 0.5203439981893871,
            "y" : 0.8884976324194684
          },
          "text" : "this Pokémon is actually inside the bal!."
        },
        {
          "confidence" : 0.3,
          "normalizedBoundingBox" : {
            "height" : 0.010158885849435228,
            "width" : 0.15512819643373843,
            "x" : 0.2897435956421051,
            "y" : 0.9172879614604954
          },
          "text" : "02024 Pokémon \/ N"
        },
        {
          "confidence" : 0.5,
          "normalizedBoundingBox" : {
            "height" : 0.017976913083555673,
            "width" : 0.24999999999999994,
            "x" : 0.46250000402777763,
            "y" : 0.9135069335591907
          },
          "text" : "endo \/Creatures \/ GAME FREAK"
        }
      ]
    },
    {
      "footerFamily" : "modern_left",
      "footerRole" : "set_badge",
      "kind" : "footer_metadata",
      "label" : "14_raw_footer_modern_left_set",
      "normalizedRect" : {
        "height" : 0.09796871807967314,
        "width" : 0.138,
        "x" : 0,
        "y" : 0.8449481895429103
      },
      "text" : "Hlus. Nel G PAF EM",
      "tokens" : [
        {
          "confidence" : 0.3,
          "normalizedBoundingBox" : {
            "height" : 0.014531245265406063,
            "width" : 0.0871578947368421,
            "x" : 0.05018181775629987,
            "y" : 0.856198185796689
          },
          "text" : "Hlus. Nel"
        },
        {
          "confidence" : 1,
          "normalizedBoundingBox" : {
            "height" : 0.01171874618177908,
            "width" : 0.014526315789473693,
            "x" : 0.05480382766040671,
            "y" : 0.88197942749784
          },
          "text" : "G"
        },
        {
          "confidence" : 0.3,
          "normalizedBoundingBox" : {
            "height" : 0.017343744349033036,
            "width" : 0.050842105263157904,
            "x" : 0.0864976074784254,
            "y" : 0.8796356781621412
          },
          "text" : "PAF EM"
        }
      ]
    },
    {
      "footerFamily" : "modern_left",
      "footerRole" : "collector",
      "kind" : "footer_metadata",
      "label" : "15_raw_footer_modern_left_collector",
      "normalizedRect" : {
        "height" : 0.09197063329928498,
        "width" : 0.275,
        "x" : 0.07275641073485678,
        "y" : 0.8498466254468939
      },
      "text" : "us. Nelnal PAF EN 163\/091 02024",
      "tokens" : [
        {
          "confidence" : 0.3,
          "normalizedBoundingBox" : {
            "height" : 0.014959774775578812,
            "width" : 0.0957379976908366,
            "x" : 0.07268503153495162,
            "y" : 0.8566058462195438
          },
          "text" : "us. Nelnal"
        },
        {
          "confidence" : 1,
          "normalizedBoundingBox" : {
            "height" : 0.01633996023083744,
            "width" : 0.053690476190476184,
            "x" : 0.08847069631273377,
            "y" : 0.8806591219502705
          },
          "text" : "PAF EN"
        },
        {
          "confidence" : 1,
          "normalizedBoundingBox" : {
            "height" : 0.013686059502732526,
            "width" : 0.1015265301295689,
            "x" : 0.1598205269608306,
            "y" : 0.8889889123160936
          },