{
  "collectorConfidenceReasons" : [
    "rewrite_raw_footer_band_metadata_agreement"
  ],
  "collectorConfidenceScore" : 0.92,
  "collectorNumber" : "256\/198",
  "contentRectNormalized" : {
    "height" : 1,
    "width" : 0.9998267428997908,
    "x" : 8.662855010461571e-05,
    "y" : 0
  },
  "fixtureName" : "rare-candy-256-198",
  "footerRouting" : {
    "anchorIdentifier" : "256\/198",
    "collectorAnchor" : {
      "height" : 0.021083332050837233,
      "width" : 0.12177377203831669,
      "x" : 0.15134246878428176,
      "y" : 0.8606666672722666
    },
    "reasons" : [
      "footer_band_collector_anchor"
    ]
  },
  "normalizedImageHeight" : 880,
  "normalizedImageWidth" : 630,
  "ocrRequestedGeometryKind" : "raw_card",
  "ocrTargetQualityReasons" : [
    "raw_card",
    "fallback:best_rectangle_aspect_mismatch",
    "normalization:fallback_search_partial_card_salvaged"
  ],
  "ocrTargetQualityScore" : 0.8428233719512224,
  "ocrUsedFallback" : true,
  "passSummaries" : [
    {
      "kind" : "footer_band_wide",
      "label" : "13_raw_footer_band",
      "normalizedRect" : {
        "height" : 0.22,
        "width" : 0.9998267428997908,
        "x" : 8.662855010461571e-05,
        "y" : 0.78
      },
      "text" : "You may play any number of Item cards during Mlloss Studio Baro tns your turn. SVIEN 256\/198 cleado \/ Coeatures \/ GAME FREAK",
      "tokens" : [
        {
          "confidence" : 1,
          "normalizedBoundingBox" : {
            "height" : 0.023999552685756733,
            "width" : 0.5744561892481401,
            "x" : 0.3640200992767801,
            "y" : 0.8074611102413095
          },
          "text" : "You may play any number of Item cards during"
        },
        {
          "confidence" : 1,
          "normalizedBoundingBox" : {
            "height" : 0.023008595988538685,
            "width" : 0.20509266727996595,
            "x" : 0.048796136528117394,
            "y" : 0.8275931226961497
          },
          "text" : "Mlloss Studio Baro tns"
        },
        {
          "confidence" : 1,
          "normalizedBoundingBox" : {
            "height" : 0.020425873239948964,
            "width" : 0.13001276320710092,
            "x" : 0.36385209938776203,
            "y" : 0.8357870634986337
          },
          "text" : "your turn."
        },
        {
          "confidence" : 1,
          "normalizedBoundingBox" : {
            "height" : 0.017416666025418602,
            "width" : 0.052554995822323876,
            "x" : 0.09109649837444107,
            "y" : 0.8560833335088185
          },
          "text" : "SVIEN"
        },
        {
          "confidence" : 1,
          "normalizedBoundingBox" : {
            "height" : 0.021083332050837227,
            "width" : 0.1217737720383167,
            "x" : 0.15134246878428176,
            "y" : 0.8606666672722666
          },
          "text" : "256\/198"
        },
        {
          "confidence" : 1,
          "normalizedBoundingBox" : {
            "height" : 0.012980420568952598,
            "width" : 0.26149315683598257,
            "x" : 0.44359951085290295,
            "y" : 0.8918333332924631
          },
          "text" : "cleado \/ Coeatures \/ GAME FREAK"
        }
      ]
    },
    {
      "footerFamily" : "modern_left",
      "footerRole" : "set_badge",
      "kind" : "footer_metadata",
      "label" : "14_raw_footer_modern_left_set",
      "normalizedRect" : {
        "height" : 0.098,
        "width" : 0.13797609052017115,
        "x" : 8.662855010461571e-05,
        "y" : 0.8203083332976852
      },
      "text" : "Illus. Si G -SVIEN",
      "tokens" : [
        {
          "confidence" : 1,
          "normalizedBoundingBox" : {
            "height" : 0.013469194312796206,
            "width" : 0.06337657746381066,
            "x" : 0.05620130696554348,
            "y" : 0.8314552527190122
          },
          "text" : "Illus. Si"
        },
        {
          "confidence" : 1,
          "normalizedBoundingBox" : {
            "height" : 0.01207582938388625,
            "width" : 0.014523799002123286,
            "x" : 0.059502169889418484,
            "y" : 0.8579291863027799
          },
          "text" : "G"
        },
        {
          "confidence" : 1,
          "normalizedBoundingBox" : {
            "height" : 0.017649289099526063,
            "width" : 0.05479433259891964,
            "x" : 0.08260821372042339,
            "y" : 0.8560713665532647
          },
          "text" : "-SVIEN"
        }
      ]
    },
    {
      "footerFamily" : "modern_left",
      "footerRole" : "collector",
      "kind" : "footer_metadata",
      "label" : "15_raw_footer_modern_left_collector",
      "normalizedRect" : {
        "height" : 0.092,
        "width" : 0.27495235429744247,
        "x" : 0.07475317765471887,
        "y" : 0.8252083332976852
      },
      "text" : "us Studio Bara Ins SVIEN 256\/198 г",
      "tokens" : [
        {
          "confidence" : 1,
          "normalizedBoundingBox" : {
            "height" : 0.018680203045685285,
            "width" : 0.17299633775174011,
            "x" : 0.07475317806473551,
            "y" : 0.8284773687684127
          },
          "text" : "us Studio Bara Ins"
        },
        {
          "confidence" : 1,
          "normalizedBoundingBox" : {
            "height" : 0.017279187817258884,
            "width" : 0.05393802165643609,
            "x" : 0.08988213472385553,
            "y" : 0.8555636632644364
          },
          "text" : "SVIEN"
        },
        {
          "confidence" : 1,
          "normalizedBoundingBox" : {
            "height" : 0.024190716506260902,
            "width" : 0.12856566485497956,
            "x" : 0.15287987841660833,
            "y" : 0.858879472468252
          },
          "text" : "256\/198 г"
        }
      ]
    },
    {
      "footerFamily" : "legacy_right_mid",
      "footerRole" : "set_badge",
      "kind" : "footer_metadata",
      "label" : "16_raw_footer_legacy_right_mid_set",
      "normalizedRect" : {
        "height" : 0.102,
        "width" : 0.12497834286247385,
        "x" : 0.055141189681215015,
        "y" : 0.8130483332976852
      },
      "text" : "Illus. Studio B G SVIEN",
      "tokens" : [
        {
          "confidence" : 1,
          "normalizedBoundingBox" : {
            "height" : 0.018653641948961217,
            "width" : 0.12469675971064452,
            "x" : 0.0549565166563558,
            "y" : 0.8286393201663973
          },
          "text" : "Illus. Studio B"
        },
        {
          "confidence" : 1,
          "normalizedBoundingBox" : {
            "height" : 0.01816438356164385,
            "width" : 0.01692415059596,
            "x" : 0.058395834000554786,
            "y" : 0.8549661414260414
          },
          "text" : "G"
        },
        {
          "confidence" : 1,
          "normalizedBoundingBox" : {
            "height" : 0.017698630136986287,
            "width" : 0.052074309526030774,
            "x" : 0.09159320617585552,
            "y" : 0.8558976484645041
          },
          "text" : "SVIEN"
        }
      ]
    },
    {
      "footerFamily" : "legacy_right_mid",
      "footerRole" : "collector",
      "kind" : "footer_metadata",
      "label" : "17_raw_footer_legacy_right_mid_collector",
      "normalizedRect" : {
        "height" : 0.1,
        "width" : 0.21919278966897005,
        "x" : 0.10263295996895508,
        "y" : 0.8212083332976852
      },
      "text" : "Studio Bare Ins VIEN 256\/198",
      "tokens" : [
        {
          "confidence" : 1,
          "normalizedBoundingBox" : {
            "height" : 0.023434228986223174,
            "width" : 0.14925461468841392,
            "x" : 0.10243987121253706,
            "y" : 0.8270236862405961
          },
          "text" : "Studio Bare Ins"
        },
        {
          "confidence" : 1,
          "normalizedBoundingBox" : {
            "height" : 0.016355140186915886,