{
  "collectorConfidenceReasons" : [
    "rewrite_raw_footer_band_metadata_agreement"
  ],
  "collectorConfidenceScore" : 0.92,
  "collectorNumber" : "60\/132",
  "contentRectNormalized" : {
    "height" : 0.9989703459637562,
    "width" : 1,
    "x" : 0,
    "y" : 0.0005148270181218803
  },
  "fixtureName" : "sabrinas-slowbro-60-132-slight-angle",
  "footerRouting" : {
    "anchorIdentifier" : "60\/132",
    "collectorAnchor" : {
      "height" : 0.04025039011298892,
      "width" : 0.6229020376054069,
      "x" : 0.30722250984402005,
      "y" : 0.9255882238097635
    },
    "reasons" : [
      "footer_band_collector_anchor"
    ]
  },
  "normalizedImageHeight" : 880,
  "normalizedImageWidth" : 630,
  "ocrRequestedGeometryKind" : "raw_card",
  "ocrTargetQualityReasons" : [
    "raw_card",
    "fallback:multiple_rectangles_too_close_to_call",
    "normalization:fallback_search_partial_card_salvaged"
  ],
  "ocrTargetQualityScore" : 0.8202929816360727,
  "ocrUsedFallback" : true,
  "passSummaries" : [
    {
      "kind" : "footer_band_wide",
      "label" : "13_raw_footer_band",
      "normalizedRect" : {
        "height" : 0.21977347611202638,
        "width" : 1,
        "x" : 0,
        "y" : 0.7797116968698518
      },
      "text" : "weakness resistance retreat cost LV. 29 #80 Illus. Ken Sugimori ©1995,96, 98 Nintendo, Greatures, GAMEFREAK, O1999-2000 Warde 60\/132 •",
      "tokens" : [
        {
          "confidence" : 1,
          "normalizedBoundingBox" : {
            "height" : 0.02512451717920543,
            "width" : 0.12606115862595763,
            "x" : 0.08851378216761129,
            "y" : 0.804958742117523
          },
          "text" : "weakness"
        },
        {
          "confidence" : 1,
          "normalizedBoundingBox" : {
            "height" : 0.021489900495117755,
            "width" : 0.12363820017119986,
            "x" : 0.36194027250416533,
            "y" : 0.8192568355074661
          },
          "text" : "resistance"
        },
        {
          "confidence" : 1,
          "normalizedBoundingBox" : {
            "height" : 0.02279202491008563,
            "width" : 0.16050514342292907,
            "x" : 0.09031329889552589,
            "y" : 0.849170850781879
          },
          "text" : "retreat cost"
        },
        {
          "confidence" : 1,
          "normalizedBoundingBox" : {
            "height" : 0.02118232106363182,
            "width" : 0.08076923107974744,
            "x" : 0.094871794689064,
            "y" : 0.8923456041682932
          },
          "text" : "LV. 29"
        },
        {
          "confidence" : 1,
          "normalizedBoundingBox" : {
            "height" : 0.018314455541934106,
            "width" : 0.05128205179957904,
            "x" : 0.20512820514187716,
            "y" : 0.8960084951606317
          },
          "text" : "#80"
        },
        {
          "confidence" : 1,
          "normalizedBoundingBox" : {
            "height" : 0.02508795563073276,
            "width" : 0.18799889781487683,
            "x" : 0.08092821970194468,
            "y" : 0.9195464901643071
          },
          "text" : "Illus. Ken Sugimori"
        },
        {
          "confidence" : 1,
          "normalizedBoundingBox" : {
            "height" : 0.040250390112988955,
            "width" : 0.6229020376054069,
            "x" : 0.30722250984402005,
            "y" : 0.9255882238097635
          },
          "text" : "©1995,96, 98 Nintendo, Greatures, GAMEFREAK, O1999-2000 Warde 60\/132 •"
        }
      ]
    },
    {
      "footerFamily" : "modern_left",
      "footerRole" : "set_badge",
      "kind" : "footer_metadata",
      "label" : "14_raw_footer_modern_left_set_anchored",
      "normalizedRect" : {
        "height" : 0.09789909390444812,
        "width" : 0.138,
        "x" : 0,
        "y" : 0.8948658282567028
      },
      "text" : "LV. Illus.",
      "tokens" : [
        {
          "confidence" : 1,
          "normalizedBoundingBox" : {
            "height" : 0.018736668689846518,
            "width" : 0.042918660287081356,
            "x" : 0.09442105259108965,
            "y" : 0.8948658282390267
          },
          "text" : "LV."
        },
        {
          "confidence" : 1,
          "normalizedBoundingBox" : {
            "height" : 0.017534190528526967,
            "width" : 0.05278973352167596,
            "x" : 0.08083420501661805,
            "y" : 0.9213455188890148
          },
          "text" : "Illus."
        }
      ]
    },
    {
      "footerFamily" : "modern_left",
      "footerRole" : "collector",
      "kind" : "footer_metadata",
      "label" : "15_raw_footer_modern_left_collector_anchored",
      "normalizedRect" : {
        "height" : 0.09190527182866558,
        "width" : 1,
        "x" : 0,
        "y" : 0.8997607829519252
      },
      "text" : "LT. ZY #780 Ilfus. Ken Sugimori ©1995,96,98 Nincendo, Cresures, GAMEFREAK, O1999-2000 Wards 160\/132",
      "tokens" : [
        {
          "confidence" : 1,
          "normalizedBoundingBox" : {
            "height" : 0.013957862869188804,
            "width" : 0.08161539753908834,
            "x" : 0.0943667191570057,
            "y" : 0.8994194544685288
          },
          "text" : "LT. ZY"
        },
        {
          "confidence" : 1,
          "normalizedBoundingBox" : {
            "height" : 0.01531754471156137,
            "width" : 0.05232558174738805,
            "x" : 0.20348837165537575,
            "y" : 0.8997607832944859
          },
          "text" : "#780"
        },
        {
          "confidence" : 1,
          "normalizedBoundingBox" : {
            "height" : 0.02052706578914358,
            "width" : 0.18604649942387982,
            "x" : 0.0813953554661124,
            "y" : 0.9221539454818029
          },
          "text" : "Ilfus. Ken Sugimori"
        },
        {
          "confidence" : 1,
          "normalizedBoundingBox" : {
            "height" : 0.039434256201262785,
            "width" : 0.5254588858791129,
            "x" : 0.3067637657663459,
            "y" : 0.9276693390353914
          },
          "text" : "©1995,96,98 Nincendo, Cresures, GAMEFREAK, O1999-2000 Wards"
        },
        {
          "confidence" : 1,
          "normalizedBoundingBox" : {
            "height" : 0.014988551738750092,
            "width" : 0.08598422499560798,
            "x" : 0.8269206790567031,
            "y" : 0.9463885004449893
          },
          "text" : "160\/132"
        }
      ]
    },
    {
      "footerFamily" : "legacy_right_mid",
      "footerRole" : "set_badge",
      "kind" : "footer_metadata",
      "label" : "16_raw_footer_legacy_right_mid_set_anchored",
      "normalizedRect" : {
        "height" : 0.10189497528830313,
        "width" : 0.125,
        "x" : 0,
        "y" : 0.8876133035450059
      },
      "text" : "7 A Di",
      "tokens" : [
        {
          "confidence" : 1,
          "normalizedBoundingBox" : {
            "height" : 0.014623817697388335,
            "width" : 0.015131581457037677,
            "x" : 0.09473684081753381,
            "y" : 0.8932741345494567
          },
          "text" : "7"
        },
        {
          "confidence" : 1,
          "normalizedBoundingBox" : {
            "height" : 0.01368034570397813,
            "width" : 0.01184210777282714,
            "x" : 0.11118420930437589,
            "y" : 0.8932741346912043
          },
          "text" : "A"
        },
        {
          "confidence" : 0.3,
          "normalizedBoundingBox" : {
            "height" : 0.012971600357007352,
            "width" : 0.03609823678669176,
            "x" : 0.080026872762136,
            "y" : 0.9220244564434431
          },
          "text" : "Di"
        }
      ]
    },
    {
      "footerFamily" : "legacy_right_mid",
      "footerRole" : "collector",
      "kind" : "footer_metadata",
      "label" : "17_raw_footer_legacy_right_mid_collector_anchored",