{
  "collectorConfidenceReasons" : [
    "rewrite_raw_footer_metadata_families_agree"
  ],
  "collectorConfidenceScore" : 0.94,
  "collectorNumber" : "059\/131",
  "contentRectNormalized" : {
    "height" : 0.9996679863686478,
    "width" : 1,
    "x" : 0,
    "y" : 0.00016600681567608563
  },
  "fixtureName" : "umbreon-059-131",
  "footerRouting" : {
    "anchorIdentifier" : "059\/130",
    "collectorAnchor" : {
      "height" : 0.021317285193247493,
      "width" : 0.1234381943152695,
      "x" : 0.18828090222770968,
      "y" : 0.9332772490590333
    },
    "reasons" : [
      "footer_band_collector_anchor"
    ]
  },
  "normalizedImageHeight" : 880,
  "normalizedImageWidth" : 630,
  "ocrRequestedGeometryKind" : "raw_card",
  "ocrTargetQualityReasons" : [
    "raw_card",
    "fallback:best_rectangle_aspect_mismatch",
    "normalization:fallback_search_partial_card_salvaged"
  ],
  "ocrTargetQualityScore" : 0.8202750843774143,
  "ocrUsedFallback" : true,
  "passSummaries" : [
    {
      "kind" : "footer_band_wide",
      "label" : "13_raw_footer_band",
      "normalizedRect" : {
        "height" : 0.2199269570011025,
        "width" : 1,
        "x" : 0,
        "y" : 0.7799070361832214
      },
      "text" : "weakness )x2 resistance retreat Шиь matazo 11 heneaposdtothe muun's aura, the rings on its PRE EN 059\/130 ≤ tuati glun raintin and ir gains a mysterious power. C2025 Pokémon \/ Nintendo \/ Creatures\/GAME FREAK",
      "tokens" : [
        {
          "confidence" : 1,
          "normalizedBoundingBox" : {
            "height" : 0.01556715296073128,
            "width" : 0.09408047926699253,
            "x" : 0.08821617140107882,
            "y" : 0.855054249685297
          },
          "text" : "weakness"
        },
        {
          "confidence" : 1,
          "normalizedBoundingBox" : {
            "height" : 0.0247417831434004,
            "width" : 0.060256406323199146,
            "x" : 0.21153846317030925,
            "y" : 0.8513832970241915
          },
          "text" : ")x2"
        },
        {
          "confidence" : 1,
          "normalizedBoundingBox" : {
            "height" : 0.017530024646547165,
            "width" : 0.1031099887962274,
            "x" : 0.3279321852863024,
            "y" : 0.8559055384223783
          },
          "text" : "resistance"
        },
        {
          "confidence" : 1,
          "normalizedBoundingBox" : {
            "height" : 0.013745434812568907,
            "width" : 0.07435897208185216,
            "x" : 0.6294871812453988,
            "y" : 0.8605469203635046
          },
          "text" : "retreat"
        },
        {
          "confidence" : 1,
          "normalizedBoundingBox" : {
            "height" : 0.01864652860023532,
            "width" : 0.12232979264839616,
            "x" : 0.08691202656491293,
            "y" : 0.9025399458830752
          },
          "text" : "Шиь matazo"
        },
        {
          "confidence" : 1,
          "normalizedBoundingBox" : {
            "height" : 0.02529813635407761,
            "width" : 0.5288784558600639,
            "x" : 0.41634296713113267,
            "y" : 0.9023791572854007
          },
          "text" : "11 heneaposdtothe muun's aura, the rings on its"
        },
        {
          "confidence" : 1,
          "normalizedBoundingBox" : {
            "height" : 0.01575408001440564,
            "width" : 0.053846154053164966,
            "x" : 0.12307692258880214,
            "y" : 0.9283104696442229
          },
          "text" : "PRE EN"
        },
        {
          "confidence" : 1,
          "normalizedBoundingBox" : {
            "height" : 0.021317285193247527,
            "width" : 0.1234381943152695,
            "x" : 0.18828090222770968,
            "y" : 0.9332772490590333
          },
          "text" : "059\/130 ≤"
        },
        {
          "confidence" : 1,
          "normalizedBoundingBox" : {
            "height" : 0.02086351042836727,
            "width" : 0.5208333333333333,
            "x" : 0.42083333984374977,
            "y" : 0.9254747358365134
          },
          "text" : "tuati glun raintin and ir gains a mysterious power."
        },
        {
          "confidence" : 1,
          "normalizedBoundingBox" : {
            "height" : 0.015123916813829394,
            "width" : 0.3958333333333333,
            "x" : 0.3166666732638887,
            "y" : 0.9610789563480804
          },
          "text" : "C2025 Pokémon \/ Nintendo \/ Creatures\/GAME FREAK"
        }
      ]
    },
    {
      "footerFamily" : "modern_left",
      "footerRole" : "set_badge",
      "kind" : "footer_metadata",
      "label" : "14_raw_footer_modern_left_set_anchored",
      "normalizedRect" : {
        "height" : 0.0979674626641275,
        "width" : 0.138,
        "x" : 0.013139999385344436,
        "y" : 0.8930527911494929
      },
      "text" : "usь Д PR",
      "tokens" : [
        {
          "confidence" : 0.3,
          "normalizedBoundingBox" : {
            "height" : 0.011607519273000888,
            "width" : 0.04251184834123223,
            "x" : 0.10797412248620614,
            "y" : 0.9065175134534125
          },
          "text" : "usь Д"
        },
        {
          "confidence" : 1,
          "normalizedBoundingBox" : {
            "height" : 0.016250526982201238,
            "width" : 0.019620853080568726,
            "x" : 0.12955706094221647,
            "y" : 0.927411048129865
          },
          "text" : "PR"
        }
      ]
    },
    {
      "footerFamily" : "modern_left",
      "footerRole" : "collector",
      "kind" : "footer_metadata",
      "label" : "15_raw_footer_modern_left_collector_anchored",
      "normalizedRect" : {
        "height" : 0.0919694547459156,
        "width" : 0.275,
        "x" : 0.11249999938534444,
        "y" : 0.8979511642826993
      },
      "text" : "ь matazo PRE EN 059\/131 C2025 Po",
      "tokens" : [
        {
          "confidence" : 1,
          "normalizedBoundingBox" : {
            "height" : 0.014939200770910151,
            "width" : 0.09690476190476192,
            "x" : 0.11249999916876936,
            "y" : 0.9049539147015219
          },
          "text" : "ь matazo"
        },
        {
          "confidence" : 1,
          "normalizedBoundingBox" : {
            "height" : 0.01587290081909204,
            "width" : 0.048452380952380955,
            "x" : 0.1295238088972492,
            "y" : 0.9273627157282791
          },
          "text" : "PRE EN"
        },
        {
          "confidence" : 1,
          "normalizedBoundingBox" : {
            "height" : 0.02007455103591051,
            "width" : 0.10803571428571428,
            "x" : 0.19238095212641587,
            "y" : 0.9329649160630651
          },
          "text" : "059\/131"
        },
        {
          "confidence" : 1,
          "normalizedBoundingBox" : {
            "height" : 0.009693507358373836,
            "width" : 0.06818962187994096,
            "x" : 0.31804804607454384,
            "y" : 0.9635987642320273
          },
          "text" : "C2025 Po"
        }
      ]
    },
    {
      "footerFamily" : "legacy_right_mid",
      "footerRole" : "set_badge",
      "kind" : "footer_metadata",
      "label" : "16_raw_footer_legacy_right_mid_set_anchored",
      "normalizedRect" : {
        "height" : 0.10196613460960208,
        "width" : 0.125,
        "x" : 0.09140562450160188,
        "y" : 0.8857952015684565
      },
      "text" : "Ilibs matazo PREEN 05",
      "tokens" : [
        {
          "confidence" : 0.5,
          "normalizedBoundingBox" : {
            "height" : 0.015830358797837764,
            "width" : 0.11653645833333333,
            "x" : 0.09140562486577831,
            "y" : 0.9034879555044311
          },
          "text" : "Ilibs matazo"
        },
        {
          "confidence" : 1,
          "normalizedBoundingBox" : {
            "height" : 0.020951945467726447,
            "width" : 0.05013020833333332,