{
  "collectorConfidenceReasons" : [
    "rewrite_raw_footer_band_wide"
  ],
  "collectorConfidenceScore" : 0.66,
  "collectorNumber" : "077\/071",
  "contentRectNormalized" : {
    "height" : 1,
    "width" : 0.9993547554523164,
    "x" : 0.0003226222738417633,
    "y" : 0
  },
  "fixtureName" : "snorlax-077-071-price-sticker",
  "footerRouting" : {
    "anchorIdentifier" : "077\/071",
    "collectorAnchor" : {
      "height" : 0.020393236919938662,
      "width" : 0.15124321623723763,
      "x" : 0.1937580637935255,
      "y" : 0.9247200481151706
    },
    "reasons" : [
      "footer_band_collector_anchor"
    ]
  },
  "normalizedImageHeight" : 880,
  "normalizedImageWidth" : 630,
  "ocrRequestedGeometryKind" : "raw_card",
  "ocrTargetQualityReasons" : [
    "raw_card",
    "fallback:no_rectangle_detected",
    "normalization:fallback_search_partial_card_salvaged"
  ],
  "ocrTargetQualityScore" : 0.4,
  "ocrUsedFallback" : true,
  "passSummaries" : [
    {
      "kind" : "footer_band_wide",
      "label" : "13_raw_footer_band",
      "normalizedRect" : {
        "height" : 0.22,
        "width" : 0.9993547554523164,
        "x" : 0.0003226222738417633,
        "y" : 0.78
      },
      "text" : "x2 抵抗力 にげる illun Kouki Saitou 出し抜けに特に買れたちまち たちまち染飯を室にする大変加。 s10a F 077\/071 CHR ”舌より災危のひとつと飲えられし行めなり。 ©2022 Pokemon\/Nintendo\/Creatures\/GAMEFREAK",
      "tokens" : [
        {
          "confidence" : 1,
          "normalizedBoundingBox" : {
            "height" : 0.021083332050837202,
            "width" : 0.04996773844496783,
            "x" : 0.2219743814885094,
            "y" : 0.8423333340490605
          },
          "text" : "x2"
        },
        {
          "confidence" : 0.5,
          "normalizedBoundingBox" : {
            "height" : 0.012922636103151862,
            "width" : 0.06406120123819671,
            "x" : 0.35394045973608396,
            "y" : 0.8487106015932084
          },
          "text" : "抵抗力"
        },
        {
          "confidence" : 0.5,
          "normalizedBoundingBox" : {
            "height" : 0.01197707736389685,
            "width" : 0.06277997398614324,
            "x" : 0.6294036311595435,
            "y" : 0.8496561604126194
          },
          "text" : "にげる"
        },
        {
          "confidence" : 1,
          "normalizedBoundingBox" : {
            "height" : 0.015759312320916898,
            "width" : 0.1627154508760788,
            "x" : 0.09257075601147761,
            "y" : 0.897249283879444
          },
          "text" : "illun Kouki Saitou"
        },
        {
          "confidence" : 0.3,
          "normalizedBoundingBox" : {
            "height" : 0.0239541547277937,
            "width" : 0.2998064104992469,
            "x" : 0.37924464678117614,
            "y" : 0.8928366759236919
          },
          "text" : "出し抜けに特に買れたちまち"
        },
        {
          "confidence" : 0.3,
          "normalizedBoundingBox" : {
            "height" : 0.025618836695280336,
            "width" : 0.33624788902364217,
            "x" : 0.5818242337207155,
            "y" : 0.8938405186123418
          },
          "text" : "たちまち染飯を室にする大変加。"
        },
        {
          "confidence" : 1,
          "normalizedBoundingBox" : {
            "height" : 0.018333332531773244,
            "width" : 0.05124896233526135,
            "x" : 0.09513320119563774,
            "y" : 0.9220833338650658
          },
          "text" : "s10a"
        },
        {
          "confidence" : 1,
          "normalizedBoundingBox" : {
            "height" : 0.01925000024046802,
            "width" : 0.020499583925576527,
            "x" : 0.16303807627620145,
            "y" : 0.9211666665846271
          },
          "text" : "F"
        },
        {
          "confidence" : 1,
          "normalizedBoundingBox" : {
            "height" : 0.020393236919938676,
            "width" : 0.15124321623723763,
            "x" : 0.1937580637935255,
            "y" : 0.9247200481151706
          },
          "text" : "077\/071 CHR"
        },
        {
          "confidence" : 0.3,
          "normalizedBoundingBox" : {
            "height" : 0.02666346705745488,
            "width" : 0.4118910393004144,
            "x" : 0.5073903817692632,
            "y" : 0.9166052904938627
          },
          "text" : "”舌より災危のひとつと飲えられし行めなり。"
        },
        {
          "confidence" : 1,
          "normalizedBoundingBox" : {
            "height" : 0.010238299684059983,
            "width" : 0.3625863912089101,
            "x" : 0.3270347632808839,
            "y" : 0.9549283669568124
          },
          "text" : "©2022 Pokemon\/Nintendo\/Creatures\/GAMEFREAK"
        }
      ]
    }
  ],
  "scanID" : "26BC93A5-F3DA-4041-9417-AF410441D9D2",
  "setConfidenceReasons" : [

  ],
  "setHintTokens" : [

  ],
  "stage1AssessmentReasons" : [
    "collector_signal_weak",
    "title_signal_weak",
    "set_signal_weak",
    "target_quality_too_low_for_escalation"
  ],
  "warnings" : [
    "Target selection used fallback crop",
    "Target selection confidence is weak",
    "Low-confidence rewrite raw evidence"
  ]
}