{
  "collectorConfidenceReasons" : [
    "rewrite_raw_footer_band_wide"
  ],
  "collectorConfidenceScore" : 0.66,
  "collectorNumber" : "186\/182",
  "contentRectNormalized" : {
    "height" : 1,
    "width" : 0.999512325577737,
    "x" : 0.00024383721113155034,
    "y" : 0
  },
  "fixtureName" : "magby-186-182",
  "footerRouting" : {
    "anchorIdentifier" : "186\/182",
    "collectorAnchor" : {
      "height" : 0.020616845729357847,
      "width" : 0.11292131490603247,
      "x" : 0.17572129582290924,
      "y" : 0.9136082439300751
    },
    "reasons" : [
      "footer_band_collector_anchor"
    ]
  },
  "normalizedImageHeight" : 880,
  "normalizedImageWidth" : 630,
  "ocrRequestedGeometryKind" : "fallback",
  "ocrTargetQualityReasons" : [
    "fallback",
    "fallback:best_rectangle_aspect_mismatch",
    "normalization:exact_reticle_fallback"
  ],
  "ocrTargetQualityScore" : 0.58,
  "ocrUsedFallback" : true,
  "passSummaries" : [
    {
      "kind" : "footer_band_wide",
      "label" : "13_raw_footer_band",
      "normalizedRect" : {
        "height" : 0.22,
        "width" : 0.999512325577737,
        "x" : 0.00024383721113155034,
        "y" : 0.78
      },
      "text" : "weakness x2 resistance retreat This Pokémon makes its home nearvolcanoes. Illus. Mina Nakaf At the endof the day Magby soaks in magmna, G PAR EN 186\/182 restingand recovering from the day's fatigue 02023 Pokémon \/ Nintendo \/ Creatures \/ GAME FREAK",
      "tokens" : [
        {
          "confidence" : 0.5,
          "normalizedBoundingBox" : {
            "height" : 0.016440208347615688,
            "width" : 0.10915465566246503,
            "x" : 0.06163556834959505,
            "y" : 0.8345715624466609
          },
          "text" : "weakness"
        },
        {
          "confidence" : 0.3,
          "normalizedBoundingBox" : {
            "height" : 0.022916667468226754,
            "width" : 0.05253846875784562,
            "x" : 0.2091162842262981,
            "y" : 0.8285833329955742
          },
          "text" : "x2"
        },
        {
          "confidence" : 1,
          "normalizedBoundingBox" : {
            "height" : 0.01375,
            "width" : 0.10507693751569123,
            "x" : 0.3244446292225304,
            "y" : 0.8322499998625
          },
          "text" : "resistance"
        },
        {
          "confidence" : 1,
          "normalizedBoundingBox" : {
            "height" : 0.01313363597181263,
            "width" : 0.074423012950364,
            "x" : 0.6357810118626095,
            "y" : 0.8302665152422977
          },
          "text" : "retreat"
        },
        {
          "confidence" : 1,
          "normalizedBoundingBox" : {
            "height" : 0.02266867039196815,
            "width" : 0.5102943868066987,
            "x" : 0.44985828549169754,
            "y" : 0.862848492955687
          },
          "text" : "This Pokémon makes its home nearvolcanoes."
        },
        {
          "confidence" : 0.3,
          "normalizedBoundingBox" : {
            "height" : 0.019460258265279425,
            "width" : 0.16992233944478613,
            "x" : 0.06780111640529236,
            "y" : 0.8822046401179469
          },
          "text" : "Illus. Mina Nakaf"
        },
        {
          "confidence" : 0.3,
          "normalizedBoundingBox" : {
            "height" : 0.023977793936743083,
            "width" : 0.4933490366349067,
            "x" : 0.4654014947936977,
            "y" : 0.8852722065328393
          },
          "text" : "At the endof the day Magby soaks in magmna,"
        },
        {
          "confidence" : 1,
          "normalizedBoundingBox" : {
            "height" : 0.014666666506354644,
            "width" : 0.016658538423399944,
            "x" : 0.07584797490154267,
            "y" : 0.9110833335357116
          },
          "text" : "G"
        },
        {
          "confidence" : 1,
          "normalizedBoundingBox" : {
            "height" : 0.017440305234367987,
            "width" : 0.05766416900855707,
            "x" : 0.10788362825032362,
            "y" : 0.9092263610760265
          },
          "text" : "PAR EN"
        },
        {
          "confidence" : 1,
          "normalizedBoundingBox" : {
            "height" : 0.02061684572935788,
            "width" : 0.11292131490603244,
            "x" : 0.17572129582290924,
            "y" : 0.9136082439300751
          },
          "text" : "186\/182"
        },
        {
          "confidence" : 0.3,
          "normalizedBoundingBox" : {
            "height" : 0.02489971346704871,
            "width" : 0.4946304726250273,
            "x" : 0.46540149186051605,
            "y" : 0.906389685003805
          },
          "text" : "restingand recovering from the day's fatigue"
        },
        {
          "confidence" : 0.5,
          "normalizedBoundingBox" : {
            "height" : 0.020066466126537598,
            "width" : 0.4211656450977966,
            "x" : 0.30817020030951386,
            "y" : 0.9355568626145412
          },
          "text" : "02023 Pokémon \/ Nintendo \/ Creatures \/ GAME FREAK"
        }
      ]
    },
    {
      "kind" : "header_wide",
      "label" : "12_raw_header_wide_lowered",
      "normalizedRect" : {
        "height" : 0.22,
        "width" : 0.8795708465084086,
        "x" : 0.06021457674579577,
        "y" : 0.05
      },
      "text" : "Magby",
      "tokens" : [
        {
          "confidence" : 0.5,
          "normalizedBoundingBox" : {
            "height" : 0.038342857142857116,
            "width" : 0.16502926062233614,
            "x" : 0.21471005477521685,
            "y" : 0.07137142857142859
          },
          "text" : "Magby"
        }
      ]
    }
  ],
  "scanID" : "435AB213-9397-4E15-BCCA-A047B8EFA3F7",
  "setConfidenceReasons" : [

  ],
  "setHintTokens" : [

  ],
  "stage1AssessmentReasons" : [
    "collector_signal_weak",
    "title_signal_weak",
    "set_signal_weak",
    "fallback_exact_collector_allows_header_rescue"
  ],
  "titleConfidenceScore" : 0.58,
  "titleTextPrimary" : "Magby",
  "warnings" : [
    "Target selection used fallback crop",
    "Rewrite raw escalation used focused ROIs"
  ]
}