{
  "collectorConfidenceReasons" : [
    "rewrite_raw_footer_band_metadata_agreement"
  ],
  "collectorConfidenceScore" : 0.92,
  "collectorNumber" : "178\/162",
  "contentRectNormalized" : {
    "height" : 0.9992504197649316,
    "width" : 1,
    "x" : 0,
    "y" : 0.0003747901175342153
  },
  "fixtureName" : "metagross-178-162",
  "footerRouting" : {
    "anchorIdentifier" : "178\/162",
    "collectorAnchor" : {
      "height" : 0.01778907147049469,
      "width" : 0.11293586852058529,
      "x" : 0.32686539836818895,
      "y" : 0.9243221564091316
    },
    "reasons" : [
      "footer_band_collector_anchor"
    ]
  },
  "normalizedImageHeight" : 880,
  "normalizedImageWidth" : 630,
  "ocrRequestedGeometryKind" : "fallback",
  "ocrTargetQualityReasons" : [
    "fallback",
    "fallback:no_rectangle_detected",
    "normalization:exact_reticle_fallback"
  ],
  "ocrTargetQualityScore" : 0.4,
  "ocrUsedFallback" : true,
  "passSummaries" : [
    {
      "kind" : "footer_band_wide",
      "label" : "13_raw_footer_band",
      "normalizedRect" : {
        "height" : 0.21983509234828494,
        "width" : 1,
        "x" : 0,
        "y" : 0.7797901175341808
      },
      "text" : "Discard 2 Energy from this Pokémon. weak 1¢55 1x2 maresistance •-30 Doomuse.thomapnetic powersofth Illus. Katuneri Sato gatatmangorin freezinstomporturos, Muny H TEF IM 178\/162★ \"Toingonsnouy apaminsare hallaaf saans 02034 Pokemton \/ Ninke Ak",
      "tokens" : [
        {
          "confidence" : 1,
          "normalizedBoundingBox" : {
            "height" : 0.026563407152276286,
            "width" : 0.4525641116725915,
            "x" : 0.2551282002774863,
            "y" : 0.7797901176201062
          },
          "text" : "Discard 2 Energy from this Pokémon."
        },
        {
          "confidence" : 1,
          "normalizedBoundingBox" : {
            "height" : 0.010075775106011006,
            "width" : 0.04230769054809788,
            "x" : 0.23589743720031,
            "y" : 0.8613122975475136
          },
          "text" : "weak"
        },
        {
          "confidence" : 0.3,
          "normalizedBoundingBox" : {
            "height" : 0.0073514575206194656,
            "width" : 0.026923077026582476,
            "x" : 0.2858974355764523,
            "y" : 0.8631442568112456
          },
          "text" : "1¢55"
        },
        {
          "confidence" : 0.3,
          "normalizedBoundingBox" : {
            "height" : 0.019235570820762705,
            "width" : 0.050000000672786094,
            "x" : 0.3423076923879659,
            "y" : 0.8558164201310533
          },
          "text" : "1x2"
        },
        {
          "confidence" : 1,
          "normalizedBoundingBox" : {
            "height" : 0.012826178031614411,
            "width" : 0.1040448789243345,
            "x" : 0.42169550999623456,
            "y" : 0.8608530756034308
          },
          "text" : "maresistance"
        },
        {
          "confidence" : 1,
          "normalizedBoundingBox" : {
            "height" : 0.018319591429503373,
            "width" : 0.07820512882616149,
            "x" : 0.5371794865431159,
            "y" : 0.8549004406140037
          },
          "text" : "•-30"
        },
        {
          "confidence" : 0.3,
          "normalizedBoundingBox" : {
            "height" : 0.01795214937514649,
            "width" : 0.3125,
            "x" : 0.5249999947916668,
            "y" : 0.8837236141958357
          },
          "text" : "Doomuse.thomapnetic powersofth"
        },
        {
          "confidence" : 1,
          "normalizedBoundingBox" : {
            "height" : 0.012915574093737971,
            "width" : 0.15256410090801367,
            "x" : 0.2410256424818906,
            "y" : 0.8997834385659533
          },
          "text" : "Illus. Katuneri Sato"
        },
        {
          "confidence" : 0.5,
          "normalizedBoundingBox" : {
            "height" : 0.02393619916686197,
            "width" : 0.40833332256875554,
            "x" : 0.5208333455211774,
            "y" : 0.8985262632698816
          },
          "text" : "gatatmangorin freezinstomporturos, Muny"
        },
        {
          "confidence" : 0.3,
          "normalizedBoundingBox" : {
            "height" : 0.01831959022806449,
            "width" : 0.019230768583859498,
            "x" : 0.24102564140251467,
            "y" : 0.9190190099079042
          },
          "text" : "H"
        },
        {
          "confidence" : 1,
          "normalizedBoundingBox" : {
            "height" : 0.014810523114351942,
            "width" : 0.037179486040926024,
            "x" : 0.27435897513480767,
            "y" : 0.9199349889557757
          },
          "text" : "TEF IM"
        },
        {
          "confidence" : 0.3,
          "normalizedBoundingBox" : {
            "height" : 0.01778907147049474,
            "width" : 0.11293586852058529,
            "x" : 0.32686539836818895,
            "y" : 0.9243221564091316
          },
          "text" : "178\/162★"
        },
        {
          "confidence" : 0.3,
          "normalizedBoundingBox" : {
            "height" : 0.02089735660143017,
            "width" : 0.39583333333333337,
            "x" : 0.5500000065972219,
            "y" : 0.9193129627241537
          },
          "text" : "\"Toingonsnouy apaminsare hallaaf saans"
        },
        {
          "confidence" : 1,
          "normalizedBoundingBox" : {
            "height" : 0.009201788706215684,
            "width" : 0.14230769189367015,
            "x" : 0.43333333455682793,
            "y" : 0.9482883615699994
          },
          "text" : "02034 Pokemton \/ Ninke"
        },
        {
          "confidence" : 1,
          "normalizedBoundingBox" : {
            "height" : 0.008243815722772914,
            "width" : 0.016666666330273694,
            "x" : 0.7461538463701196,
            "y" : 0.9474143754668443
          },
          "text" : "Ak"
        }
      ]
    },
    {
      "footerFamily" : "modern_left",
      "footerRole" : "set_badge",
      "kind" : "footer_metadata",
      "label" : "14_raw_footer_modern_left_set_anchored",
      "normalizedRect" : {
        "height" : 0.0979265411369633,
        "width" : 0.138,
        "x" : 0.14647333262848156,
        "y" : 0.882354845778344
      },
      "text" : "",
      "tokens" : [

      ]
    },
    {
      "footerFamily" : "modern_left",
      "footerRole" : "collector",
      "kind" : "footer_metadata",
      "label" : "15_raw_footer_modern_left_collector_anchored",
      "normalizedRect" : {
        "height" : 0.0919310386183737,
        "width" : 0.275,
        "x" : 0.24583333262848156,
        "y" : 0.8872511728351922
      },
      "text" : "wi Sato TEF IN 178\/163 V 0203",
      "tokens" : [
        {
          "confidence" : 1,
          "normalizedBoundingBox" : {
            "height" : 0.009799755385714972,
            "width" : 0.05499999999999999,
            "x" : 0.33880952330110065,
            "y" : 0.9017174783345827
          },
          "text" : "wi Sato"
        },
        {
          "confidence" : 1,
          "normalizedBoundingBox" : {
            "height" : 0.013066340514286626,
            "width" : 0.03732142857142858,
            "x" : 0.2759523800765636,
            "y" : 0.9208503340850527
          },
          "text" : "TEF IN"
        },
        {
          "confidence" : 1,
          "normalizedBoundingBox" : {
            "height" : 0.016799580661225652,
            "width" : 0.10345238095238095,
            "x" : 0.32767857109319243,
            "y" : 0.92458357427125
          },
          "text" : "178\/163 V"
        },
        {
          "confidence" : 1,
          "normalizedBoundingBox" : {
            "height" : 0.008399790330612831,
            "width" : 0.032083333333333346,
            "x" : 0.43309523756862706,
            "y" : 0.948849635233761
          },