{
  "collectorConfidenceReasons" : [
    "rewrite_raw_footer_band_wide"
  ],
  "collectorConfidenceScore" : 0.66,
  "collectorNumber" : "186\/182",
  "contentRectNormalized" : {
    "height" : 1,
    "width" : 0.999512325577737,
    "x" : 0.00024383721113155034,
    "y" : 0
  },
  "fixtureName" : "magby-186-182-slight-angle",
  "footerRouting" : {
    "anchorIdentifier" : "186\/182",
    "collectorAnchor" : {
      "height" : 0.016711330031255578,
      "width" : 0.09291444496340606,
      "x" : 0.1203271066178555,
      "y" : 0.9017963039357553
    },
    "reasons" : [
      "footer_band_collector_anchor"
    ]
  },
  "normalizedImageHeight" : 880,
  "normalizedImageWidth" : 630,
  "ocrRequestedGeometryKind" : "fallback",
  "ocrTargetQualityReasons" : [
    "fallback",
    "fallback:best_rectangle_aspect_mismatch",
    "normalization:exact_reticle_fallback"
  ],
  "ocrTargetQualityScore" : 0.5281591729427955,
  "ocrUsedFallback" : true,
  "passSummaries" : [
    {
      "kind" : "footer_band_wide",
      "label" : "13_raw_footer_band",
      "normalizedRect" : {
        "height" : 0.22,
        "width" : 0.999512325577737,
        "x" : 0.00024383721113155034,
        "y" : 0.78
      },
      "text" : "retreat weakness x2 resistance This Pokémen makes its home near volcanoes. At the enid of the day Magby soaks in magiia, Illus Mino Nakot restigand recovering trom the day's fatigue PAR EN 186\/182 02023 Pokêmon \/ Nintendo \/ Creatures \/ GAME FREAK",
      "tokens" : [
        {
          "confidence" : 1,
          "normalizedBoundingBox" : {
            "height" : 0.015218739004053168,
            "width" : 0.08604383384836607,
            "x" : 0.5274769852151078,
            "y" : 0.8087991096775736
          },
          "text" : "retreat"
        },
        {
          "confidence" : 1,
          "normalizedBoundingBox" : {
            "height" : 0.014786860840368407,
            "width" : 0.08077238841014468,
            "x" : 0.04122819708908389,
            "y" : 0.8312732363940839
          },
          "text" : "weakness"
        },
        {
          "confidence" : 0.3,
          "normalizedBoundingBox" : {
            "height" : 0.021999998557191872,
            "width" : 0.0435684840728029,
            "x" : 0.15785924343543864,
            "y" : 0.8221666672505707
          },
          "text" : "x2"
        },
        {
          "confidence" : 1,
          "normalizedBoundingBox" : {
            "height" : 0.012833333493645332,
            "width" : 0.09098124921764703,
            "x" : 0.25268477027816716,
            "y" : 0.8230833333265107
          },
          "text" : "resistance"
        },
        {
          "confidence" : 1,
          "normalizedBoundingBox" : {
            "height" : 0.03707182001589361,
            "width" : 0.47618199050529386,
            "x" : 0.3591451829520339,
            "y" : 0.8331869260834347
          },
          "text" : "This Pokémen makes its home near volcanoes."
        },
        {
          "confidence" : 0.3,
          "normalizedBoundingBox" : {
            "height" : 0.03874043964724828,
            "width" : 0.46458096004662297,
            "x" : 0.3682165960132003,
            "y" : 0.8543209271914812
          },
          "text" : "At the enid of the day Magby soaks in magiia,"
        },
        {
          "confidence" : 0.3,
          "normalizedBoundingBox" : {
            "height" : 0.02095057206030904,
            "width" : 0.14155889429225768,
            "x" : 0.03392712791911892,
            "y" : 0.8720554614642606
          },
          "text" : "Illus Mino Nakot"
        },
        {
          "confidence" : 0.5,
          "normalizedBoundingBox" : {
            "height" : 0.04018676582926665,
            "width" : 0.4724461365633151,
            "x" : 0.3617696390243568,
            "y" : 0.8752587065928092
          },
          "text" : "restigand recovering trom the day's fatigue"
        },
        {
          "confidence" : 0.5,
          "normalizedBoundingBox" : {
            "height" : 0.015759312320916898,
            "width" : 0.04741276514484411,
            "x" : 0.06431513990477399,
            "y" : 0.8991404010704057
          },
          "text" : "PAR EN"
        },
        {
          "confidence" : 1,
          "normalizedBoundingBox" : {
            "height" : 0.0167113300312556,
            "width" : 0.09291444496340605,
            "x" : 0.1203271066178555,
            "y" : 0.9017963039357553
          },
          "text" : "186\/182"
        },
        {
          "confidence" : 0.5,
          "normalizedBoundingBox" : {
            "height" : 0.021993279880643916,
            "width" : 0.3701100504902418,
            "x" : 0.2291732203849169,
            "y" : 0.9152353149427322
          },
          "text" : "02023 Pokêmon \/ Nintendo \/ Creatures \/ GAME FREAK"
        }
      ]
    },
    {
      "kind" : "header_wide",
      "label" : "12_raw_header_wide_lowered",
      "normalizedRect" : {
        "height" : 0.22,
        "width" : 0.8795708465084086,
        "x" : 0.06021457674579577,
        "y" : 0.05
      },
      "text" : "Magby BASIC",
      "tokens" : [
        {
          "confidence" : 0.5,
          "normalizedBoundingBox" : {
            "height" : 0.043083332001216855,
            "width" : 0.14680790308125077,
            "x" : 0.23255429441920394,
            "y" : 0.133416667153211
          },
          "text" : "Magby"
        },
        {
          "confidence" : 1,
          "normalizedBoundingBox" : {
            "height" : 0.027004842304048093,
            "width" : 0.09121756409458431,
            "x" : 0.11620108237596102,
            "y" : 0.14872035156087404
          },
          "text" : "BASIC"
        }
      ]
    }
  ],
  "scanID" : "61D19800-0DEB-4357-A366-DE7DDD29A46E",
  "setConfidenceReasons" : [

  ],
  "setHintTokens" : [

  ],
  "stage1AssessmentReasons" : [
    "collector_signal_weak",
    "title_signal_weak",
    "set_signal_weak",
    "target_quality_too_low_for_escalation",
    "fallback_exact_collector_allows_header_rescue"
  ],
  "titleConfidenceScore" : 0.8899999999999999,
  "titleTextPrimary" : "Magby BASIC",
  "warnings" : [
    "Target selection used fallback crop",
    "Target selection confidence is weak",
    "Rewrite raw escalation used focused ROIs"
  ]
}