{
  "candidates" : [
    {
      "areaCoverage" : 0.6427151096642152,
      "areaScore" : 1,
      "aspectRatio" : 1.1594613842547332,
      "aspectScore" : 0.014328237009683886,
      "boundingBox" : {
        "height" : 0.747299462556839,
        "width" : 0.8600502768531442,
        "x" : 0.009288831613957882,
        "y" : 0.06686928868293762
      },
      "centerDistance" : 0.0849751800151028,
      "confidence" : 1,
      "geometryKind" : "raw_card",
      "proximityScore" : 0.8798269479575465,
      "quadrilateral" : [
        {
          "x" : 0.10994217544794083,
          "y" : 0.8141687512397766
        },
        {
          "x" : 0.869339108467102,
          "y" : 0.7329684495925903
        },
        {
          "x" : 0.8605809807777405,
          "y" : 0.09380482137203217
        },
        {
          "x" : 0.009288831613957882,
          "y" : 0.06686928868293762
        }
      ],
      "rank" : 1,
      "totalScore" : 0.7081591729427955
    }
  ],
  "fallbackReason" : "best_rectangle_aspect_mismatch",
  "mode" : "raw",
  "normalizationReason" : "exact_reticle_fallback",
  "normalizedContentRect" : {
    "height" : 1,
    "width" : 0.999512325577737,
    "x" : 0.00024383721113155034,
    "y" : 0
  },
  "normalizedGeometryKind" : "fallback",
  "source" : "imported_photo",
  "stage" : "selection"
}