{
  "collectorConfidenceReasons" : [
    "rewrite_raw_footer_band_metadata_agreement"
  ],
  "collectorConfidenceScore" : 0.92,
  "collectorNumber" : "SWSH286",
  "contentRectNormalized" : {
    "height" : 1,
    "width" : 0.999512325577737,
    "x" : 0.00024383721113155034,
    "y" : 0
  },
  "fixtureName" : "pikachu-vmax-swsh286",
  "footerRouting" : {
    "anchorIdentifier" : "SWSH286",
    "collectorAnchor" : {
      "height" : 0.01466666650635462,
      "width" : 0.12301690016119654,
      "x" : 0.17323635494507944,
      "y" : 0.9065000001194418
    },
    "reasons" : [
      "footer_band_collector_anchor"
    ]
  },
  "normalizedImageHeight" : 880,
  "normalizedImageWidth" : 630,
  "ocrRequestedGeometryKind" : "fallback",
  "ocrTargetQualityReasons" : [
    "fallback",
    "fallback:no_rectangle_detected",
    "normalization:exact_reticle_fallback"
  ],
  "ocrTargetQualityScore" : 0.4,
  "ocrUsedFallback" : true,
  "passSummaries" : [
    {
      "kind" : "footer_band_wide",
      "label" : "13_raw_footer_band",
      "normalizedRect" : {
        "height" : 0.22,
        "width" : 0.999512325577737,
        "x" : 0.00024383721113155034,
        "y" : 0.78
      },
      "text" : "OPHIAA THIUIIUCT 200 weakness (15) X 28NL cresistance x2 retreat ** Illus. AKIRA EGAWA VMAX rule When your Pokémon VHAX SWSH286 is Knocked Out, your opponent takes 3 Prize cards. 02023 Pokemon\/ Nintendo: Creatures \/ GAMEFREAK",
      "tokens" : [
        {
          "confidence" : 0.3,
          "normalizedBoundingBox" : {
            "height" : 0.014864864458668895,
            "width" : 0.31234760174304277,
            "x" : 0.3417438765777318,
            "y" : 0.7799999999520625
          },
          "text" : "OPHIAA THIUIIUCT"
        },
        {
          "confidence" : 1,
          "normalizedBoundingBox" : {
            "height" : 0.016499999519063956,
            "width" : 0.08201126453260425,
            "x" : 0.8459850377364143,
            "y" : 0.7800000003321347
          },
          "text" : "200"
        },
        {
          "confidence" : 1,
          "normalizedBoundingBox" : {
            "height" : 0.02111747851002866,
            "width" : 0.35815856181336597,
            "x" : 0.07104263172957329,
            "y" : 0.8244412607945353
          },
          "text" : "weakness (15) X 28NL cresistance"
        },
        {
          "confidence" : 0.3,
          "normalizedBoundingBox" : {
            "height" : 0.021999998557191872,
            "width" : 0.05381989466109599,
            "x" : 0.21680484119108454,
            "y" : 0.8230833341922374
          },
          "text" : "x2"
        },
        {
          "confidence" : 1,
          "normalizedBoundingBox" : {
            "height" : 0.01212690457232019,
            "width" : 0.07182757382853926,
            "x" : 0.6319530270990128,
            "y" : 0.8312282143382053
          },
          "text" : "retreat"
        },
        {
          "confidence" : 0.3,
          "normalizedBoundingBox" : {
            "height" : 0.020211318652745985,
            "width" : 0.06278987934613871,
            "x" : 0.7332195410009076,
            "y" : 0.8285386814217071
          },
          "text" : "**"
        },
        {
          "confidence" : 1,
          "normalizedBoundingBox" : {
            "height" : 0.01375,
            "width" : 0.17811821736325284,
            "x" : 0.08866223889474809,
            "y" : 0.8744166666208334
          },
          "text" : "Illus. AKIRA EGAWA"
        },
        {
          "confidence" : 1,
          "normalizedBoundingBox" : {
            "height" : 0.021605770471786016,
            "width" : 0.14750845311565822,
            "x" : 0.4217607830562284,
            "y" : 0.8686554480792589
          },
          "text" : "VMAX rule"
        },
        {
          "confidence" : 1,
          "normalizedBoundingBox" : {
            "height" : 0.017837837350402643,
            "width" : 0.2915244282935068,
            "x" : 0.6582561230752152,
            "y" : 0.8751351352797536
          },
          "text" : "When your Pokémon VHAX"
        },
        {
          "confidence" : 1,
          "normalizedBoundingBox" : {
            "height" : 0.014666666506354644,
            "width" : 0.12301690016119651,
            "x" : 0.17323635494507944,
            "y" : 0.9065000001194418
          },
          "text" : "SWSH286"
        },
        {
          "confidence" : 1,
          "normalizedBoundingBox" : {
            "height" : 0.017837837350402667,
            "width" : 0.48309760251058315,
            "x" : 0.3958841515632741,
            "y" : 0.8959459461896636
          },
          "text" : "is Knocked Out, your opponent takes 3 Prize cards."
        },
        {
          "confidence" : 1,
          "normalizedBoundingBox" : {
            "height" : 0.017151860234389,
            "width" : 0.40150092851691094,
            "x" : 0.31399598747956275,
            "y" : 0.9336244465994818
          },
          "text" : "02023 Pokemon\/ Nintendo: Creatures \/ GAMEFREAK"
        }
      ]
    },
    {
      "footerFamily" : "modern_left",
      "footerRole" : "set_badge",
      "kind" : "footer_metadata",
      "label" : "14_raw_footer_modern_left_set_anchored",
      "normalizedRect" : {
        "height" : 0.098,
        "width" : 0.1379327009297277,
        "x" : 0.00024383721113155034,
        "y" : 0.862933333372619
      },
      "text" : "Illus",
      "tokens" : [
        {
          "confidence" : 1,
          "normalizedBoundingBox" : {
            "height" : 0.012007905138339929,
            "width" : 0.03461840337059832,
            "x" : 0.0894944083719779,
            "y" : 0.8745538867108601
          },
          "text" : "Illus"
        }
      ]
    },
    {
      "footerFamily" : "modern_left",
      "footerRole" : "collector",
      "kind" : "footer_metadata",
      "label" : "15_raw_footer_modern_left_collector_anchored",
      "normalizedRect" : {
        "height" : 0.092,
        "width" : 0.2748658895338777,
        "x" : 0.09731186025873886,
        "y" : 0.867833333372619
      },
      "text" : "Ius. AKIRA EGAWA A F SWSH286 ©2023 ₽",
      "tokens" : [
        {
          "confidence" : 1,
          "normalizedBoundingBox" : {
            "height" : 0.013076142131979693,
            "width" : 0.16768134409363353,
            "x" : 0.09731185974254336,
            "y" : 0.8757724197324159
          },
          "text" : "Ius. AKIRA EGAWA"
        },
        {
          "confidence" : 1,
          "normalizedBoundingBox" : {
            "height" : 0.026917201395567296,
            "width" : 0.19998068847541034,
            "x" : 0.09727274833530891,
            "y" : 0.8947706716949444
          },
          "text" : "A F SWSH286"
        },
        {
          "confidence" : 1,
          "normalizedBoundingBox" : {
            "height" : 0.011366003975650383,
            "width" : 0.05726985428207149,
            "x" : 0.31428078395260073,
            "y" : 0.9340691131364359
          },
          "text" : "©2023 ₽"
        }
      ]
    },
    {
      "footerFamily" : "legacy_right_mid",
      "footerRole" : "set_badge",
      "kind" : "footer_metadata",
      "label" : "16_raw_footer_legacy_right_mid_set_anchored",
      "normalizedRect" : {
        "height" : 0.102,
        "width" : 0.12493904069721712,
        "x" : 0.07655275941565831,
        "y" : 0.8556733333726191
      },
      "text" : "Illus. AKIRA FSi",
      "tokens" : [
        {
          "confidence" : 1,
          "normalizedBoundingBox" : {
            "height" : 0.012800803197573317,
            "width" : 0.10263614202360737,
            "x" : 0.08901935711909126,
            "y" : 0.8751222468229601
          },
          "text" : "Illus. AKIRA"
        },
        {
          "confidence" : 0.3,
          "normalizedBoundingBox" : {
            "height" : 0.024684931506849306,
            "width" : 0.0657573898406406,