{
  "collectorConfidenceReasons" : [
    "rewrite_raw_footer_band_wide"
  ],
  "collectorConfidenceScore" : 0.66,
  "collectorNumber" : "14\/82",
  "contentRectNormalized" : {
    "height" : 1,
    "width" : 0.999512325577737,
    "x" : 0.00024383721113155034,
    "y" : 0
  },
  "fixtureName" : "dark-weezing-14-82-overhead",
  "footerRouting" : {
    "anchorIdentifier" : "14\/82",
    "collectorAnchor" : {
      "height" : 0.00916666626588658,
      "width" : 0.044849909976053315,
      "x" : 0.6909324843016912,
      "y" : 0.8084166668670567
    },
    "reasons" : [
      "footer_band_collector_anchor"
    ]
  },
  "normalizedImageHeight" : 880,
  "normalizedImageWidth" : 630,
  "ocrRequestedGeometryKind" : "fallback",
  "ocrTargetQualityReasons" : [
    "fallback",
    "fallback:best_rectangle_aspect_mismatch",
    "normalization:exact_reticle_fallback"
  ],
  "ocrTargetQualityScore" : 0.58,
  "ocrUsedFallback" : true,
  "passSummaries" : [
    {
      "kind" : "footer_band_wide",
      "label" : "13_raw_footer_band",
      "normalizedRect" : {
        "height" : 0.22,
        "width" : 0.999512325577737,
        "x" : 0.00024383721113155034,
        "y" : 0.78
      },
      "text" : "motstrer woate shes thar erle \"eproducing in Teshida C1995, 94, 98 Nincendo, Crestures, GAMEFREAX. 01978-2000 Wzard 14\/82 *",
      "tokens" : [
        {
          "confidence" : 0.3,
          "normalizedBoundingBox" : {
            "height" : 0.020652403735841256,
            "width" : 0.2854864815888396,
            "x" : 0.2356031975340601,
            "y" : 0.7752597951102489
          },
          "text" : "motstrer woate shes thar erle"
        },
        {
          "confidence" : 0.3,
          "normalizedBoundingBox" : {
            "height" : 0.010085960185971838,
            "width" : 0.12045404163011561,
            "x" : 0.5922626786327931,
            "y" : 0.779999999945586
          },
          "text" : "\"eproducing in"
        },
        {
          "confidence" : 0.3,
          "normalizedBoundingBox" : {
            "height" : 0.02201776553703241,
            "width" : 0.385432893967574,
            "x" : 0.282907329015299,
            "y" : 0.796061303073108
          },
          "text" : "Teshida C1995, 94, 98 Nincendo, Crestures, GAMEFREAX. 01978-2000 Wzard"
        },
        {
          "confidence" : 1,
          "normalizedBoundingBox" : {
            "height" : 0.009166666265886622,
            "width" : 0.04484990997605327,
            "x" : 0.6909324843016912,
            "y" : 0.8084166668670567
          },
          "text" : "14\/82"
        },
        {
          "confidence" : 1,
          "normalizedBoundingBox" : {
            "height" : 0.012833333493645332,
            "width" : 0.01793996432665026,
            "x" : 0.7319381168953025,
            "y" : 0.8084166666781774
          },
          "text" : "*"
        }
      ]
    },
    {
      "kind" : "header_wide",
      "label" : "12_raw_header_wide_lowered",
      "normalizedRect" : {
        "height" : 0.22,
        "width" : 0.8795708465084086,
        "x" : 0.06021457674579577,
        "y" : 0.05
      },
      "text" : "",
      "tokens" : [

      ]
    },
    {
      "kind" : "header_wide",
      "label" : "12_raw_header_wide",
      "normalizedRect" : {
        "height" : 0.2,
        "width" : 0.8795708465084086,
        "x" : 0.06021457674579577,
        "y" : 0
      },
      "text" : "",
      "tokens" : [

      ]
    }
  ],
  "scanID" : "7CCADA2B-373A-44F0-9474-DFEA08B07097",
  "setConfidenceReasons" : [

  ],
  "setHintTokens" : [

  ],
  "stage1AssessmentReasons" : [
    "collector_signal_weak",
    "title_signal_weak",
    "set_signal_weak",
    "fallback_exact_collector_allows_header_rescue"
  ],
  "warnings" : [
    "Target selection used fallback crop",
    "Rewrite raw escalation used focused ROIs",
    "Low-confidence rewrite raw evidence"
  ]
}