{
  "collectorConfidenceReasons" : [
    "rewrite_raw_footer_band_wide"
  ],
  "collectorConfidenceScore" : 0.66,
  "collectorNumber" : "213\/162",
  "contentRectNormalized" : {
    "height" : 1,
    "width" : 0.9998229775181448,
    "x" : 8.851124092760955e-05,
    "y" : 0
  },
  "fixtureName" : "iron-leaves-ex-213-162",
  "footerRouting" : {
    "anchorIdentifier" : "213\/162",
    "collectorAnchor" : {
      "height" : 0.01466666650635462,
      "width" : 0.08716405062127214,
      "x" : 0.3115718257784484,
      "y" : 0.882666666705156
    },
    "reasons" : [
      "footer_band_collector_anchor"
    ]
  },
  "normalizedImageHeight" : 880,
  "normalizedImageWidth" : 630,
  "ocrRequestedGeometryKind" : "fallback",
  "ocrTargetQualityReasons" : [
    "fallback",
    "fallback:best_rectangle_aspect_mismatch",
    "normalization:exact_reticle_fallback"
  ],
  "ocrTargetQualityScore" : 0.58,
  "ocrUsedFallback" : true,
  "passSummaries" : [
    {
      "kind" : "footer_band_wide",
      "label" : "13_raw_footer_band",
      "normalizedRect" : {
        "height" : 0.22,
        "width" : 0.9998229775181448,
        "x" : 8.851124092760955e-05,
        "y" : 0.78
      },
      "text" : "weakness x 2 ance retreat Pokémon eX rule llits: Sbon Grophics When your Pokémon eX in Asocaed Que, pour opponent takes 2 Prize cards. 213\/162 ndo\/ Cieutures \/ GAIME PREAK",
      "tokens" : [
        {
          "confidence" : 1,
          "normalizedBoundingBox" : {
            "height" : 0.010666738253268275,
            "width" : 0.07705496182405153,
            "x" : 0.22561684223606684,
            "y" : 0.8163749641066502
          },
          "text" : "weakness"
        },
        {
          "confidence" : 0.3,
          "normalizedBoundingBox" : {
            "height" : 0.01834646569282074,
            "width" : 0.03973655278587424,
            "x" : 0.34233560816562886,
            "y" : 0.8120833336322616
          },
          "text" : "x 2"
        },
        {
          "confidence" : 0.5,
          "normalizedBoundingBox" : {
            "height" : 0.010999999278595936,
            "width" : 0.0384547286109536,
            "x" : 0.480772635865433,
            "y" : 0.8175833336023688
          },
          "text" : "ance"
        },
        {
          "confidence" : 1,
          "normalizedBoundingBox" : {
            "height" : 0.01127239664509506,
            "width" : 0.06290167112231543,
            "x" : 0.6909456853271815,
            "y" : 0.8183638017215812
          },
          "text" : "retreat"
        },
        {
          "confidence" : 0.5,
          "normalizedBoundingBox" : {
            "height" : 0.016499999519063956,
            "width" : 0.1858645289068352,
            "x" : 0.5064091203401923,
            "y" : 0.8423333334706764
          },
          "text" : "Pokémon eX rule"
        },
        {
          "confidence" : 0.3,
          "normalizedBoundingBox" : {
            "height" : 0.01292788912710282,
            "width" : 0.15253709363222892,
            "x" : 0.2295350679243509,
            "y" : 0.8569054443933309
          },
          "text" : "llits: Sbon Grophics"
        },
        {
          "confidence" : 1,
          "normalizedBoundingBox" : {
            "height" : 0.015583333012709288,
            "width" : 0.19996459819429693,
            "x" : 0.7563648666846055,
            "y" : 0.851500000132812
          },
          "text" : "When your Pokémon eX"
        },
        {
          "confidence" : 0.3,
          "normalizedBoundingBox" : {
            "height" : 0.019620747825819313,
            "width" : 0.41453177484338916,
            "x" : 0.4920852388270057,
            "y" : 0.8692098377270996
          },
          "text" : "in Asocaed Que, pour opponent takes 2 Prize cards."
        },
        {
          "confidence" : 1,
          "normalizedBoundingBox" : {
            "height" : 0.014666666506354644,
            "width" : 0.08716405062127215,
            "x" : 0.3115718257784484,
            "y" : 0.882666666705156
          },
          "text" : "213\/162"
        },
        {
          "confidence" : 0.3,
          "normalizedBoundingBox" : {
            "height" : 0.01009121320992282,
            "width" : 0.19099182560651753,
            "x" : 0.571782163645735,
            "y" : 0.9101666666138896
          },
          "text" : "ndo\/ Cieutures \/ GAIME PREAK"
        }
      ]
    },
    {
      "kind" : "header_wide",
      "label" : "12_raw_header_wide_lowered",
      "normalizedRect" : {
        "height" : 0.22,
        "width" : 0.8798442202159674,
        "x" : 0.0600778898920163,
        "y" : 0.05
      },
      "text" : ",V•J. BASIC,",
      "tokens" : [
        {
          "confidence" : 0.5,
          "normalizedBoundingBox" : {
            "height" : 0.012571428571428575,
            "width" : 0.038635873941619374,
            "x" : 0.8125993437094655,
            "y" : 0.13108571428571428
          },
          "text" : ",V•J."
        },
        {
          "confidence" : 0.5,
          "normalizedBoundingBox" : {
            "height" : 0.00942857142857142,
            "width" : 0.08605262832451578,
            "x" : 0.24623255524709126,
            "y" : 0.18262857142857142
          },
          "text" : "BASIC,"
        }
      ]
    }
  ],
  "scanID" : "D7600834-6862-4105-9A2F-C2A8704B07BB",
  "setConfidenceReasons" : [

  ],
  "setHintTokens" : [

  ],
  "stage1AssessmentReasons" : [
    "collector_signal_weak",
    "title_signal_weak",
    "set_signal_weak",
    "fallback_exact_collector_allows_header_rescue"
  ],
  "titleConfidenceScore" : 0.6399999999999999,
  "titleTextPrimary" : "V•J BASIC",
  "warnings" : [
    "Target selection used fallback crop",
    "Rewrite raw escalation used focused ROIs"
  ]
}