{
  "collectorConfidenceReasons" : [
    "rewrite_raw_footer_band_metadata_agreement"
  ],
  "collectorConfidenceScore" : 0.92,
  "collectorNumber" : "213\/162",
  "contentRectNormalized" : {
    "height" : 1,
    "width" : 0.999809371306569,
    "x" : 9.531434671547658e-05,
    "y" : 0
  },
  "fixtureName" : "iron-leaves-ex-213-162",
  "footerRouting" : {
    "anchorIdentifier" : "213\/162",
    "collectorAnchor" : {
      "height" : 0.016789234456496827,
      "width" : 0.10135420985975577,
      "x" : 0.17822073888463383,
      "y" : 0.8971887162074537
    },
    "reasons" : [
      "footer_band_collector_anchor"
    ]
  },
  "normalizedImageHeight" : 880,
  "normalizedImageWidth" : 630,
  "ocrRequestedGeometryKind" : "raw_card",
  "ocrTargetQualityReasons" : [
    "raw_card",
    "fallback:best_rectangle_aspect_mismatch",
    "normalization:fallback_search_partial_card_salvaged"
  ],
  "ocrTargetQualityScore" : 0.7817403328008734,
  "ocrUsedFallback" : true,
  "passSummaries" : [
    {
      "kind" : "footer_band_wide",
      "label" : "13_raw_footer_band",
      "normalizedRect" : {
        "height" : 0.22,
        "width" : 0.999809371306569,
        "x" : 9.531434671547658e-05,
        "y" : 0.78
      },
      "text" : "weakness x 2 esistance vetreat Pokémon eX rule Ius, Sban Grophic When your Pokémon eX i Loocked Out, jour opponent takes 2 Prize cards. 213\/162 G.kos Fosémoo\/ssotendo \/ Creutures\/ GAMME FREAK",
      "tokens" : [
        {
          "confidence" : 1,
          "normalizedBoundingBox" : {
            "height" : 0.01331820840480332,
            "width" : 0.09241965199373268,
            "x" : 0.07693894934312175,
            "y" : 0.8173408957054528
          },
          "text" : "weakness"
        },
        {
          "confidence" : 1,
          "normalizedBoundingBox" : {
            "height" : 0.02212870064984079,
            "width" : 0.04999046923798635,
            "x" : 0.21287525682216463,
            "y" : 0.8120833341234874
          },
          "text" : "x 2"
        },
        {
          "confidence" : 1,
          "normalizedBoundingBox" : {
            "height" : 0.011916666987290688,
            "width" : 0.09100828799525118,
            "x" : 0.3333651061580076,
            "y" : 0.8194166664605214
          },
          "text" : "esistance"
        },
        {
          "confidence" : 1,
          "normalizedBoundingBox" : {
            "height" : 0.012326602443924622,
            "width" : 0.0744712904390198,
            "x" : 0.6281174426994414,
            "y" : 0.8210450321594824
          },
          "text" : "vetreat"
        },
        {
          "confidence" : 1,
          "normalizedBoundingBox" : {
            "height" : 0.019871955150177967,
            "width" : 0.22096774427703061,
            "x" : 0.4075001083264578,
            "y" : 0.8482802629163654
          },
          "text" : "Pokémon eX rule"
        },
        {
          "confidence" : 1,
          "normalizedBoundingBox" : {
            "height" : 0.01859598853868196,
            "width" : 0.1807347726227299,
            "x" : 0.0770037277003393,
            "y" : 0.8651002867625714
          },
          "text" : "Ius, Sban Grophic"
        },
        {
          "confidence" : 1,
          "normalizedBoundingBox" : {
            "height" : 0.016499999519063956,
            "width" : 0.2345706486007442,
            "x" : 0.7050891056469264,
            "y" : 0.8606666669224124
          },
          "text" : "When your Pokémon eX"
        },
        {
          "confidence" : 1,
          "normalizedBoundingBox" : {
            "height" : 0.025297813087616413,
            "width" : 0.4967794096033629,
            "x" : 0.38941558573771823,
            "y" : 0.879169281453231
          },
          "text" : "i Loocked Out, jour opponent takes 2 Prize cards."
        },
        {
          "confidence" : 1,
          "normalizedBoundingBox" : {
            "height" : 0.016789234456496806,
            "width" : 0.10135420985975575,
            "x" : 0.17822073888463383,
            "y" : 0.8971887162074537
          },
          "text" : "213\/162"
        },
        {
          "confidence" : 1,
          "normalizedBoundingBox" : {
            "height" : 0.012922636103151862,
            "width" : 0.4050509673749802,
            "x" : 0.30772897477825845,
            "y" : 0.9284527220725598
          },
          "text" : "G.kos Fosémoo\/ssotendo \/ Creutures\/ GAMME FREAK"
        }
      ]
    },
    {
      "footerFamily" : "modern_left",
      "footerRole" : "set_badge",
      "kind" : "footer_metadata",
      "label" : "14_raw_footer_modern_left_set",
      "normalizedRect" : {
        "height" : 0.098,
        "width" : 0.13797369324030653,
        "x" : 9.531434671547658e-05,
        "y" : 0.854683333435702
      },
      "text" : "iias H",
      "tokens" : [
        {
          "confidence" : 0.3,
          "normalizedBoundingBox" : {
            "height" : 0.010845849802371533,
            "width" : 0.03653848793320371,
            "x" : 0.08080719834245556,
            "y" : 0.8670785903483942
          },
          "text" : "iias"
        },
        {
          "confidence" : 1,
          "normalizedBoundingBox" : {
            "height" : 0.019754940711462447,
            "width" : 0.02235937321285599,
            "x" : 0.08026184754408154,
            "y" : 0.8868335309936072
          },
          "text" : "H"
        }
      ]
    },
    {
      "footerFamily" : "modern_left",
      "footerRole" : "collector",
      "kind" : "footer_metadata",
      "label" : "15_raw_footer_modern_left_collector",
      "normalizedRect" : {
        "height" : 0.092,
        "width" : 0.2749475771093065,
        "x" : 0.09142405525985847,
        "y" : 0.859583333435702
      },
      "text" : "Ius. Sban Grophics TEF EN 213\/162",
      "tokens" : [
        {
          "confidence" : 1,
          "normalizedBoundingBox" : {
            "height" : 0.017746192893401007,
            "width" : 0.16838894674636953,
            "x" : 0.09142405582115495,
            "y" : 0.8642533841815565
          },
          "text" : "Ius. Sban Grophics"
        },
        {
          "confidence" : 1,
          "normalizedBoundingBox" : {
            "height" : 0.01541116751269036,
            "width" : 0.044728313979504414,
            "x" : 0.11970813631840671,
            "y" : 0.890872673522214
          },
          "text" : "TEF EN"
        },
        {
          "confidence" : 1,
          "normalizedBoundingBox" : {
            "height" : 0.01681218274111675,
            "width" : 0.10195424510034092,
            "x" : 0.17890737493400216,
            "y" : 0.8964767345209812
          },
          "text" : "213\/162"
        }
      ]
    },
    {
      "footerFamily" : "legacy_right_mid",
      "footerRole" : "set_badge",
      "kind" : "footer_metadata",
      "label" : "16_raw_footer_legacy_right_mid_set",
      "normalizedRect" : {
        "height" : 0.102,
        "width" : 0.12497617141332112,
        "x" : 0.08892453183159205,
        "y" : 0.8474233334357021
      },
      "text" : "Tus. Sban Gra 日號 21",
      "tokens" : [
        {
          "confidence" : 1,
          "normalizedBoundingBox" : {
            "height" : 0.018230422921376683,
            "width" : 0.12523378501835183,
            "x" : 0.08845574999291247,
            "y" : 0.8637729944231058
          },
          "text" : "Tus. Sban Gra"
        },
        {
          "confidence" : 0.3,
          "normalizedBoundingBox" : {
            "height" : 0.013506849315068497,
            "width" : 0.03815062074722434,
            "x" : 0.12444407549785225,
            "y" : 0.8916699087704053
          },
          "text" : "日號"
        },
        {
          "confidence" : 1,
          "normalizedBoundingBox" : {
            "height" : 0.013972602739726026,
            "width" : 0.02959961954526026,
            "x" : 0.1796966986014992,