{
  "collectorConfidenceReasons" : [
    "rewrite_raw_footer_band_metadata_agreement"
  ],
  "collectorConfidenceScore" : 0.92,
  "collectorNumber" : "185\/132",
  "contentRectNormalized" : {
    "height" : 1,
    "width" : 0.999524760003802,
    "x" : 0.00023761999809902056,
    "y" : 0
  },
  "fixtureName" : "lt-surges-bargain-185-132-overhead",
  "footerRouting" : {
    "anchorIdentifier" : "185\/132",
    "collectorAnchor" : {
      "height" : 0.10885284728430422,
      "width" : 0.6933768957042109,
      "x" : 0.23096125152483496,
      "y" : 0.7911190929696179
    },
    "reasons" : [
      "footer_band_collector_anchor"
    ]
  },
  "normalizedImageHeight" : 880,
  "normalizedImageWidth" : 630,
  "ocrRequestedGeometryKind" : "raw_card",
  "ocrTargetQualityReasons" : [
    "raw_card",
    "fallback:best_rectangle_aspect_mismatch",
    "normalization:fallback_search_partial_card_salvaged"
  ],
  "ocrTargetQualityScore" : 0.7892263583992001,
  "ocrUsedFallback" : true,
  "passSummaries" : [
    {
      "kind" : "footer_band_wide",
      "label" : "13_raw_footer_band",
      "normalizedRect" : {
        "height" : 0.22,
        "width" : 0.999524760003802,
        "x" : 0.00023761999809902056,
        "y" : 0.78
      },
      "text" : "You may play only I Supporter card during your turn. D MEGR 185\/132カ",
      "tokens" : [
        {
          "confidence" : 1,
          "normalizedBoundingBox" : {
            "height" : 0.053709369648493474,
            "width" : 0.510510168049508,
            "x" : 0.41382797917953784,
            "y" : 0.7911190929696179
          },
          "text" : "You may play only I Supporter card during"
        },
        {
          "confidence" : 1,
          "normalizedBoundingBox" : {
            "height" : 0.024105356210965476,
            "width" : 0.11986261308208541,
            "x" : 0.41597342242587226,
            "y" : 0.8410010219536013
          },
          "text" : "your turn."
        },
        {
          "confidence" : 0.3,
          "normalizedBoundingBox" : {
            "height" : 0.022063037249283674,
            "width" : 0.08970093586208654,
            "x" : 0.13863335870847376,
            "y" : 0.878022922410315
          },
          "text" : "D MEGR"
        },
        {
          "confidence" : 0.3,
          "normalizedBoundingBox" : {
            "height" : 0.029640345751043715,
            "width" : 0.13032265276611973,
            "x" : 0.23096125152483496,
            "y" : 0.8703315945028784
          },
          "text" : "185\/132カ"
        }
      ]
    },
    {
      "footerFamily" : "modern_left",
      "footerRole" : "set_badge",
      "kind" : "footer_metadata",
      "label" : "14_raw_footer_modern_left_set",
      "normalizedRect" : {
        "height" : 0.098,
        "width" : 0.13793441688052469,
        "x" : 0.00023761999809902056,
        "y" : 0.7209073845990354
      },
      "text" : "",
      "tokens" : [

      ]
    },
    {
      "footerFamily" : "modern_left",
      "footerRole" : "collector",
      "kind" : "footer_metadata",
      "label" : "15_raw_footer_modern_left_collector",
      "normalizedRect" : {
        "height" : 0.23947626402546932,
        "width" : 0.999524760003802,
        "x" : 0.00023761999809902056,
        "y" : 0.7258073845990354
      },
      "text" : "You may play only I Supporter card during your turn. D MEGD 185\/132",
      "tokens" : [
        {
          "confidence" : 1,
          "normalizedBoundingBox" : {
            "height" : 0.053293285400320155,
            "width" : 0.5105991219021218,
            "x" : 0.41369326699960995,
            "y" : 0.791000870212441
          },
          "text" : "You may play only I Supporter card during"
        },
        {
          "confidence" : 1,
          "normalizedBoundingBox" : {
            "height" : 0.019956354138953553,
            "width" : 0.11355050069096964,
            "x" : 0.4179913064492007,
            "y" : 0.8435498815600635
          },
          "text" : "your turn."
        },
        {
          "confidence" : 0.3,
          "normalizedBoundingBox" : {
            "height" : 0.02095417238432721,
            "width" : 0.08411147769699785,
            "x" : 0.13902156465639934,
            "y" : 0.8784735031894082
          },
          "text" : "D MEGD"
        },
        {
          "confidence" : 1,
          "normalizedBoundingBox" : {
            "height" : 0.020714504612941463,
            "width" : 0.09819250506286675,
            "x" : 0.23298139960713452,
            "y" : 0.8766989945766531
          },
          "text" : "185\/132"
        }
      ]
    },
    {
      "footerFamily" : "legacy_right_mid",
      "footerRole" : "set_badge",
      "kind" : "footer_metadata",
      "label" : "16_raw_footer_legacy_right_mid_set",
      "normalizedRect" : {
        "height" : 0.102,
        "width" : 0.12494059500047525,
        "x" : 0.00023761999809902056,
        "y" : 0.7176473845990354
      },
      "text" : "",
      "tokens" : [

      ]
    },
    {
      "footerFamily" : "legacy_right_mid",
      "footerRole" : "collector",
      "kind" : "footer_metadata",
      "label" : "17_raw_footer_legacy_right_mid_collector",
      "normalizedRect" : {
        "height" : 0.23947626402546932,
        "width" : 0.999524760003802,
        "x" : 0.00023761999809902056,
        "y" : 0.7258073845990354
      },
      "text" : "You may play only I Supporter card during your turn. D MEGD 185\/132",
      "tokens" : [
        {
          "confidence" : 1,
          "normalizedBoundingBox" : {
            "height" : 0.053293285400320155,
            "width" : 0.5105991219021218,
            "x" : 0.41369326699960995,
            "y" : 0.791000870212441
          },
          "text" : "You may play only I Supporter card during"
        },
        {
          "confidence" : 1,
          "normalizedBoundingBox" : {
            "height" : 0.019956354138953553,
            "width" : 0.11355050069096964,
            "x" : 0.4179913064492007,
            "y" : 0.8435498815600635
          },
          "text" : "your turn."
        },
        {
          "confidence" : 0.3,
          "normalizedBoundingBox" : {
            "height" : 0.02095417238432721,
            "width" : 0.08411147769699785,
            "x" : 0.13902156465639934,
            "y" : 0.8784735031894082
          },
          "text" : "D MEGD"
        },
        {
          "confidence" : 1,
          "normalizedBoundingBox" : {
            "height" : 0.020714504612941463,
            "width" : 0.09819250506286675,
            "x" : 0.23298139960713452,
            "y" : 0.8766989945766531
          },
          "text" : "185\/132"
        }
      ]
    },
    {
      "footerFamily" : "legacy_right_corner",
      "footerRole" : "set_badge",
      "kind" : "footer_metadata",
      "label" : "18_raw_footer_legacy_right_corner_set",
      "normalizedRect" : {
        "height" : 0.105,
        "width" : 0.11494534740043723,
        "x" : 0.8848170326014637,
        "y" : 0.7132073845990354
      },
      "text" : "Sut",
      "tokens" : [
        {
          "confidence" : 1,
          "normalizedBoundingBox" : {
            "height" : 0.013076927478496838,
            "width" : 0.036869262373725155,
            "x" : 0.8848170327246898,
            "y" : 0.7958996901499968
          },
          "text" : "Sut"
        }
      ]
    },
    {
      "footerFamily" : "legacy_right_corner",
      "footerRole" : "collector",
      "kind" : "footer_metadata",
      "label" : "19_raw_footer_legacy_right_corner_collector",
      "normalizedRect" : {
        "height" : 0.23947626402546932,
        "width" : 0.999524760003802,
        "x" : 0.00023761999809902056,
        "y" : 0.7258073845990354
      },
      "text" : "You may play only I Supporter card during your turn. D MEGD 185\/132",
      "tokens" : [
        {
          "confidence" : 1,