{
  "collectorConfidenceReasons" : [
    "rewrite_raw_footer_band_metadata_agreement"
  ],
  "collectorConfidenceScore" : 0.92,
  "collectorNumber" : "14\/82",
  "contentRectNormalized" : {
    "height" : 1,
    "width" : 0.9995577995577997,
    "x" : 0.00022110022110016162,
    "y" : 0
  },
  "fixtureName" : "dark-weezing-14-82",
  "footerRouting" : {
    "anchorIdentifier" : "14\/82",
    "collectorAnchor" : {
      "height" : 0.03337503537066,
      "width" : 0.8340183805169649,
      "x" : 0.08302091966954019,
      "y" : 0.8995282100862018
    },
    "reasons" : [
      "footer_band_collector_anchor"
    ]
  },
  "normalizedImageHeight" : 880,
  "normalizedImageWidth" : 630,
  "ocrRequestedGeometryKind" : "raw_card",
  "ocrTargetQualityReasons" : [
    "raw_card",
    "fallback:best_rectangle_aspect_mismatch",
    "normalization:fallback_search_partial_card_salvaged"
  ],
  "ocrTargetQualityScore" : 0.8342420695898636,
  "ocrUsedFallback" : true,
  "passSummaries" : [
    {
      "kind" : "footer_band_wide",
      "label" : "13_raw_footer_band",
      "normalizedRect" : {
        "height" : 0.22,
        "width" : 0.9995577995577997,
        "x" : 0.00022110022110016162,
        "y" : 0.78
      },
      "text" : "weakness resistance retreat cost Researchers have observed these Pokémon reproducing in industrial waste sites. LV. 24 #|I0 #110 Illus, Shin-ichi Yoshida ©1995, 96, 98 Nintendo, Creatures, GAMEFREAK, ©1999-2000 Wzards 14\/82 *",
      "tokens" : [
        {
          "confidence" : 1,
          "normalizedBoundingBox" : {
            "height" : 0.01759802340094886,
            "width" : 0.11794870491243523,
            "x" : 0.1270619796221584,
            "y" : 0.7973259881904992
          },
          "text" : "weakness"
        },
        {
          "confidence" : 1,
          "normalizedBoundingBox" : {
            "height" : 0.016814092838320128,
            "width" : 0.1192623307086508,
            "x" : 0.4410095764304652,
            "y" : 0.7935929534422992
          },
          "text" : "resistance"
        },
        {
          "confidence" : 1,
          "normalizedBoundingBox" : {
            "height" : 0.014666666506354644,
            "width" : 0.14096328252861154,
            "x" : 0.7357931189854385,
            "y" : 0.7928333334868227
          },
          "text" : "retreat cost"
        },
        {
          "confidence" : 1,
          "normalizedBoundingBox" : {
            "height" : 0.02488437882125546,
            "width" : 0.7206027464609848,
            "x" : 0.14353997423119466,
            "y" : 0.8562503647118791
          },
          "text" : "Researchers have observed these Pokémon reproducing in"
        },
        {
          "confidence" : 1,
          "normalizedBoundingBox" : {
            "height" : 0.028438656104669856,
            "width" : 0.4468491506476688,
            "x" : 0.13698541468367884,
            "y" : 0.8754605881673968
          },
          "text" : "industrial waste sites. LV. 24 #|I0"
        },
        {
          "confidence" : 1,
          "normalizedBoundingBox" : {
            "height" : 0.01925000024046802,
            "width" : 0.06920015369864488,
            "x" : 0.5128148449884206,
            "y" : 0.8789999998110161
          },
          "text" : "#110"
        },
        {
          "confidence" : 1,
          "normalizedBoundingBox" : {
            "height" : 0.033375035370660035,
            "width" : 0.8340183805169649,
            "x" : 0.08302091966954019,
            "y" : 0.8995282100862018
          },
          "text" : "Illus, Shin-ichi Yoshida ©1995, 96, 98 Nintendo, Creatures, GAMEFREAK, ©1999-2000 Wzards 14\/82 *"
        }
      ]
    },
    {
      "footerFamily" : "modern_left",
      "footerRole" : "set_badge",
      "kind" : "footer_metadata",
      "label" : "14_raw_footer_modern_left_set",
      "normalizedRect" : {
        "height" : 0.098,
        "width" : 0.13793897633897637,
        "x" : 0.00022110022110016162,
        "y" : 0.8653157277715317
      },
      "text" : "Ius",
      "tokens" : [
        {
          "confidence" : 1,
          "normalizedBoundingBox" : {
            "height" : 0.010784688995215324,
            "width" : 0.037916875012609624,
            "x" : 0.08324598188657756,
            "y" : 0.9183013736853638
          },
          "text" : "Ius"
        }
      ]
    },
    {
      "footerFamily" : "modern_left",
      "footerRole" : "collector",
      "kind" : "footer_metadata",
      "label" : "15_raw_footer_modern_left_collector",
      "normalizedRect" : {
        "height" : 0.092,
        "width" : 0.9995577995577997,
        "x" : 0.00022110022110016162,
        "y" : 0.8702157277715317
      },
      "text" : "Kesedrchers nove oosciro industrial waste sites. LV. 24 #I10 14\/82 * Illus, Shin-ichi Yoshida ©1995, 96, 98 Nintendo, Creatures, GAMEFREAK ©1999-2000 Wzands",
      "tokens" : [
        {
          "confidence" : 1,
          "normalizedBoundingBox" : {
            "height" : 0.011244444484032955,
            "width" : 0.3370601938531162,
            "x" : 0.14405281378379797,
            "y" : 0.8702157277914905
          },
          "text" : "Kesedrchers nove oosciro"
        },
        {
          "confidence" : 1,
          "normalizedBoundingBox" : {
            "height" : 0.02665714407209214,
            "width" : 0.4425979466661821,
            "x" : 0.14066408728735807,
            "y" : 0.8787980532747661
          },
          "text" : "industrial waste sites. LV. 24 #I10"
        },
        {
          "confidence" : 1,
          "normalizedBoundingBox" : {
            "height" : 0.02236626325888077,
            "width" : 0.08760992609859879,
            "x" : 0.8353877481582623,
            "y" : 0.8983881513281828
          },
          "text" : "14\/82 *"
        },
        {
          "confidence" : 1,
          "normalizedBoundingBox" : {
            "height" : 0.029542909573782517,
            "width" : 0.7228962554072611,
            "x" : 0.08263102846998623,
            "y" : 0.9050120371250172
          },
          "text" : "Illus, Shin-ichi Yoshida ©1995, 96, 98 Nintendo, Creatures, GAMEFREAK ©1999-2000 Wzands"
        }
      ]
    },
    {
      "footerFamily" : "legacy_right_mid",
      "footerRole" : "set_badge",
      "kind" : "footer_metadata",
      "label" : "16_raw_footer_legacy_right_mid_set",
      "normalizedRect" : {
        "height" : 0.102,
        "width" : 0.12494472494472496,
        "x" : 0.00022110022110016162,
        "y" : 0.8580557277715317
      },
      "text" : "",
      "tokens" : [

      ]
    },
    {
      "footerFamily" : "legacy_right_mid",
      "footerRole" : "collector",
      "kind" : "footer_metadata",
      "label" : "17_raw_footer_legacy_right_mid_collector",
      "normalizedRect" : {
        "height" : 0.1,
        "width" : 0.9995577995577997,
        "x" : 0.00022110022110016162,
        "y" : 0.8662157277715317
      },
      "text" : "industrial waste sites. LV. 24 #||0 14\/82 * Illus. Shin-ichi Yoshida ©1995,96, 98 Nintendo, Creatures, GAMEFREAK O1999-2000 Wizards",
      "tokens" : [
        {
          "confidence" : 1,
          "normalizedBoundingBox" : {
            "height" : 0.022969067653762967,
            "width" : 0.4421056850054556,
            "x" : 0.14094491689522573,
            "y" : 0.8783501771665326
          },
          "text" : "industrial waste sites. LV. 24 #||0"
        },
        {
          "confidence" : 1,
          "normalizedBoundingBox" : {
            "height" : 0.02253957641458957,
            "width" : 0.08862358162653063,
            "x" : 0.8356073443900577,
            "y" : 0.8977577841845452
          },
          "text" : "14\/82 *"
        },
        {
          "confidence" : 1,
          "normalizedBoundingBox" : {
            "height" : 0.02786493034006279,
            "width" : 0.7256293567065206,
            "x" : 0.08127791537761506,