{
  "collectorConfidenceReasons" : [
    "rewrite_raw_footer_band_wide"
  ],
  "collectorConfidenceScore" : 0.66,
  "collectorNumber" : "14\/82",
  "contentRectNormalized" : {
    "height" : 0.9998651200431615,
    "width" : 1,
    "x" : 0,
    "y" : 6.743997841925617e-05
  },
  "fixtureName" : "dark-weezing-14-82",
  "footerRouting" : {
    "anchorIdentifier" : "14\/82",
    "collectorAnchor" : {
      "height" : 0.10368228803268054,
      "width" : 0.6630111249998247,
      "x" : 0.22673246307406847,
      "y" : 0.7799622338468186
    },
    "reasons" : [
      "footer_band_collector_anchor"
    ]
  },
  "normalizedImageHeight" : 880,
  "normalizedImageWidth" : 630,
  "ocrRequestedGeometryKind" : "fallback",
  "ocrTargetQualityReasons" : [
    "fallback",
    "fallback:best_rectangle_aspect_mismatch",
    "normalization:exact_reticle_fallback"
  ],
  "ocrTargetQualityScore" : 0.58,
  "ocrUsedFallback" : true,
  "passSummaries" : [
    {
      "kind" : "footer_band_wide",
      "label" : "13_raw_footer_band",
      "normalizedRect" : {
        "height" : 0.21997032640949554,
        "width" : 1,
        "x" : 0,
        "y" : 0.7799622336120853
      },
      "text" : "weakness resistance Researchers have observed these Pokémon reproducing in industrial waste sites. LV. 24 #110 llus. Shin-ichl Yoshida ©1995, 96, 98 Nintendo, Creatures, GAMEFREAK. 01999-2000 Wizards 14\/82 ★",
      "tokens" : [
        {
          "confidence" : 1,
          "normalizedBoundingBox" : {
            "height" : 0.014862858885303308,
            "width" : 0.10416665993880553,
            "x" : 0.2083333349611528,
            "y" : 0.779962234264329
          },
          "text" : "weakness"
        },
        {
          "confidence" : 1,
          "normalizedBoundingBox" : {
            "height" : 0.009165429866336328,
            "width" : 0.10128204910843458,
            "x" : 0.47948717994097506,
            "y" : 0.7799622338468186
          },
          "text" : "resistance"
        },
        {
          "confidence" : 1,
          "normalizedBoundingBox" : {
            "height" : 0.021526020285489538,
            "width" : 0.6144618012497244,
            "x" : 0.22673246307406847,
            "y" : 0.828408196959396
          },
          "text" : "Researchers have observed these Pokémon reproducing in"
        },
        {
          "confidence" : 1,
          "normalizedBoundingBox" : {
            "height" : 0.019493392249333424,
            "width" : 0.3758783626388199,
            "x" : 0.2242520446438083,
            "y" : 0.8476318647742335
          },
          "text" : "industrial waste sites. LV. 24 #110"
        },
        {
          "confidence" : 0.5,
          "normalizedBoundingBox" : {
            "height" : 0.0243547473845294,
            "width" : 0.6121177067832342,
            "x" : 0.18048466466863125,
            "y" : 0.8701541375970976
          },
          "text" : "llus. Shin-ichl Yoshida ©1995, 96, 98 Nintendo, Creatures, GAMEFREAK. 01999-2000 Wizards"
        },
        {
          "confidence" : 0.3,
          "normalizedBoundingBox" : {
            "height" : 0.01859348031255047,
            "width" : 0.07435897208185216,
            "x" : 0.815384615992041,
            "y" : 0.8650510415669487
          },
          "text" : "14\/82 ★"
        }
      ]
    },
    {
      "kind" : "header_wide",
      "label" : "12_raw_header_wide_lowered",
      "normalizedRect" : {
        "height" : 0.21997032640949554,
        "width" : 0.88,
        "x" : 0.06,
        "y" : 0.05006069598057734
      },
      "text" : "Eprt41rn from Kofflni Put Dark P4th p&amon Dark Weezin 60 HW,g) J4",
      "tokens" : [
        {
          "confidence" : 0.5,
          "normalizedBoundingBox" : {
            "height" : 0.02073940972172168,
            "width" : 0.5468603379931061,
            "x" : 0.3029487845882254,
            "y" : 0.157531912597788
          },
          "text" : "Eprt41rn from Kofflni Put Dark P4th p&amon"
        },
        {
          "confidence" : 0.5,
          "normalizedBoundingBox" : {
            "height" : 0.030795691332621333,
            "width" : 0.2813569912814224,
            "x" : 0.3395679064130203,
            "y" : 0.18015758625032988
          },
          "text" : "Dark Weezin"
        },
        {
          "confidence" : 0.5,
          "normalizedBoundingBox" : {
            "height" : 0.03142433234421366,
            "width" : 0.17389221556886228,
            "x" : 0.6624750499001997,
            "y" : 0.18015743188562183
          },
          "text" : "60 HW,g)"
        },
        {
          "confidence" : 0.5,
          "normalizedBoundingBox" : {
            "height" : 0.005656379821958451,
            "width" : 0.013173652694610736,
            "x" : 0.5526946107784432,
            "y" : 0.21598117075802542
          },
          "text" : "J4"
        }
      ]
    }
  ],
  "scanID" : "FF27E13F-FBED-4427-93DA-527738A9C764",
  "setConfidenceReasons" : [

  ],
  "setHintTokens" : [

  ],
  "stage1AssessmentReasons" : [
    "collector_signal_weak",
    "title_signal_weak",
    "set_signal_weak",
    "fallback_exact_collector_allows_header_rescue"
  ],
  "titleConfidenceScore" : 0.6399999999999999,
  "titleTextPrimary" : "P4th p&amon Dark Weezin",
  "warnings" : [
    "Target selection used fallback crop",
    "Rewrite raw escalation used focused ROIs"
  ]
}