{
  "collectorConfidenceReasons" : [
    "rewrite_raw_footer_band_metadata_agreement"
  ],
  "collectorConfidenceScore" : 0.92,
  "collectorNumber" : "114\/123",
  "contentRectNormalized" : {
    "height" : 1,
    "width" : 0.9996396806432648,
    "x" : 0.00018015967836757025,
    "y" : 0
  },
  "fixtureName" : "lugia-legend-113-123",
  "footerRouting" : {
    "anchorIdentifier" : "114\/123",
    "collectorAnchor" : {
      "height" : 0.011916666987290658,
      "width" : 0.07305059328862695,
      "x" : 0.7973287245386009,
      "y" : 0.9275833332142713
    },
    "reasons" : [
      "footer_band_collector_anchor"
    ]
  },
  "normalizedImageHeight" : 880,
  "normalizedImageWidth" : 630,
  "ocrRequestedGeometryKind" : "raw_card",
  "ocrTargetQualityReasons" : [
    "raw_card",
    "fallback:best_rectangle_aspect_mismatch",
    "normalization:fallback_search_partial_card_salvaged"
  ],
  "ocrTargetQualityScore" : 0.791188832558563,
  "ocrUsedFallback" : true,
  "passSummaries" : [
    {
      "kind" : "footer_band_wide",
      "label" : "13_raw_footer_band",
      "normalizedRect" : {
        "height" : 0.22,
        "width" : 0.9996396806432648,
        "x" : 0.00018015967836757025,
        "y" : 0.78
      },
      "text" : "Elem Discard a d ! to Lugia NO, 249 Diving Po main tid to ho chc f 02010 Pokémon\/Nintendo 114\/123",
      "tokens" : [
        {
          "confidence" : 0.3,
          "normalizedBoundingBox" : {
            "height" : 0.0958415121608614,
            "width" : 0.08438194575080216,
            "x" : 0.6284273520495025,
            "y" : 0.7709012012736507
          },
          "text" : "Elem"
        },
        {
          "confidence" : 0.3,
          "normalizedBoundingBox" : {
            "height" : 0.11289714911605706,
            "width" : 0.06776404675257094,
            "x" : 0.682786669461521,
            "y" : 0.7752925916768076
          },
          "text" : "Discard a d !"
        },
        {
          "confidence" : 0.3,
          "normalizedBoundingBox" : {
            "height" : 0.07602210889231506,
            "width" : 0.05018100719794781,
            "x" : 0.754913801544563,
            "y" : 0.7779182875608717
          },
          "text" : "to Lugia"
        },
        {
          "confidence" : 0.3,
          "normalizedBoundingBox" : {
            "height" : 0.11366666602541863,
            "width" : 0.02050544199552343,
            "x" : 0.8383395778233181,
            "y" : 0.7799999998039574
          },
          "text" : "NO, 249 Diving Po"
        },
        {
          "confidence" : 0.3,
          "normalizedBoundingBox" : {
            "height" : 0.13168449248830366,
            "width" : 0.04921308903609143,
            "x" : 0.8698235638389635,
            "y" : 0.7795896004913317
          },
          "text" : "main tid to ho chc f"
        },
        {
          "confidence" : 0.5,
          "normalizedBoundingBox" : {
            "height" : 0.01375,
            "width" : 0.22940449329752596,
            "x" : 0.39619126433018376,
            "y" : 0.9248333333136904
          },
          "text" : "02010 Pokémon\/Nintendo"
        },
        {
          "confidence" : 1,
          "normalizedBoundingBox" : {
            "height" : 0.011916666987290688,
            "width" : 0.07305059328862691,
            "x" : 0.7973287245386009,
            "y" : 0.9275833332142713
          },
          "text" : "114\/123"
        }
      ]
    },
    {
      "footerFamily" : "modern_left",
      "footerRole" : "set_badge",
      "kind" : "footer_metadata",
      "label" : "14_raw_footer_modern_left_set",
      "normalizedRect" : {
        "height" : 0.098,
        "width" : 0.13795027592877054,
        "x" : 0.5970793664257508,
        "y" : 0.8826416667079166
      },
      "text" : "opt",
      "tokens" : [
        {
          "confidence" : 0.3,
          "normalizedBoundingBox" : {
            "height" : 0.013944666986880102,
            "width" : 0.026508096364654263,
            "x" : 0.5970793643222921,
            "y" : 0.9279618232920399
          },
          "text" : "opt"
        }
      ]
    },
    {
      "footerFamily" : "modern_left",
      "footerRole" : "collector",
      "kind" : "footer_metadata",
      "label" : "15_raw_footer_modern_left_collector",
      "normalizedRect" : {
        "height" : 0.092,
        "width" : 0.2749009121768978,
        "x" : 0.6964035650944655,
        "y" : 0.8875416667079166
      },
      "text" : "114\/123",
      "tokens" : [
        {
          "confidence" : 1,
          "normalizedBoundingBox" : {
            "height" : 0.012266666666666664,
            "width" : 0.07300000299434369,
            "x" : 0.7989981640318479,
            "y" : 0.9271724358829282
          },
          "text" : "114\/123"
        }
      ]
    },
    {
      "footerFamily" : "legacy_right_mid",
      "footerRole" : "set_badge",
      "kind" : "footer_metadata",
      "label" : "16_raw_footer_legacy_right_mid_set",
      "normalizedRect" : {
        "height" : 0.102,
        "width" : 0.1249549600804081,
        "x" : 0.6939044658928574,
        "y" : 0.8753816667079166
      },
      "text" : "1 1",
      "tokens" : [
        {
          "confidence" : 0.3,
          "normalizedBoundingBox" : {
            "height" : 0.009315068493150695,
            "width" : 0.009207207584872177,
            "x" : 0.7991296954013708,
            "y" : 0.9280118036359988
          },
          "text" : "1"
        },
        {
          "confidence" : 0.3,
          "normalizedBoundingBox" : {
            "height" : 0.008383561643835604,
            "width" : 0.00789189221560472,
            "x" : 0.8103098760401442,
            "y" : 0.928011803624355
          },
          "text" : "1"
        }
      ]
    },
    {
      "footerFamily" : "legacy_right_mid",
      "footerRole" : "collector",
      "kind" : "footer_metadata",
      "label" : "17_raw_footer_legacy_right_mid_collector",
      "normalizedRect" : {
        "height" : 0.1,
        "width" : 0.18493334091900399,
        "x" : 0.7413873507234124,
        "y" : 0.8835416667079166
      },
      "text" : "2 114\/123",
      "tokens" : [
        {
          "confidence" : 0.5,
          "normalizedBoundingBox" : {
            "height" : 0.008878504672897204,
            "width" : 0.013820641136295667,
            "x" : 0.8414224674892932,
            "y" : 0.8844762461101752
          },
          "text" : "2"
        },
        {
          "confidence" : 1,
          "normalizedBoundingBox" : {
            "height" : 0.012278126333361462,
            "width" : 0.07586246140078026,
            "x" : 0.7978971682609365,
            "y" : 0.9271689586705496
          },
          "text" : "114\/123"
        }
      ]
    },
    {
      "footerFamily" : "legacy_right_corner",
      "footerRole" : "set_badge",
      "kind" : "footer_metadata",
      "label" : "18_raw_footer_legacy_right_corner_set",
      "normalizedRect" : {
        "height" : 0.105,
        "width" : 0.11495856327397545,
        "x" : 0.8196091557337479,
        "y" : 0.8699416667079166
      },
      "text" : "NO. 4\/123",
      "tokens" : [
        {
          "confidence" : 0.3,
          "normalizedBoundingBox" : {
            "height" : 0.023542600896860985,
            "width" : 0.01510884225047744,
            "x" : 0.8412870549466669,
            "y" : 0.8699416666294413
          },
          "text" : "NO."
        },
        {
          "confidence" : 1,
          "normalizedBoundingBox" : {
            "height" : 0.011300448430493283,
            "width" : 0.05189557999225177,
            "x" : 0.8196091559190893,
            "y" : 0.9278564648872888
          },
          "text" : "4\/123"
        }
      ]
    },
    {
      "footerFamily" : "legacy_right_corner",
      "footerRole" : "collector",
      "kind" : "footer_metadata",
      "label" : "19_raw_footer_legacy_right_corner_collector",