{
  "collectorConfidenceReasons" : [
    "rewrite_raw_footer_band_wide"
  ],
  "collectorConfidenceScore" : 0.66,
  "collectorNumber" : "114\/123",
  "contentRectNormalized" : {
    "height" : 1,
    "width" : 0.9998229775181448,
    "x" : 8.851124092760955e-05,
    "y" : 0
  },
  "fixtureName" : "lugia-legend-113-123",
  "footerRouting" : {
    "anchorIdentifier" : "114\/123",
    "collectorAnchor" : {
      "height" : 0.01112468074590911,
      "width" : 0.0641328737409772,
      "x" : 0.803771538163113,
      "y" : 0.914687659580173
    },
    "reasons" : [
      "footer_band_collector_anchor"
    ]
  },
  "normalizedImageHeight" : 880,
  "normalizedImageWidth" : 630,
  "ocrRequestedGeometryKind" : "fallback",
  "ocrTargetQualityReasons" : [
    "fallback",
    "fallback:best_rectangle_aspect_mismatch",
    "normalization:exact_reticle_fallback"
  ],
  "ocrTargetQualityScore" : 0.58,
  "ocrUsedFallback" : true,
  "passSummaries" : [
    {
      "kind" : "footer_band_wide",
      "label" : "13_raw_footer_band",
      "normalizedRect" : {
        "height" : 0.22,
        "width" : 0.9998229775181448,
        "x" : 8.851124092760955e-05,
        "y" : 0.78
      },
      "text" : "Eleme Discard a d En to Lugia LE ND: 249 Diving Pok mn i xaid to họ thơ nh have boee soen 2010 Pokémon\/Mintendo 114\/123",
      "tokens" : [
        {
          "confidence" : 0.3,
          "normalizedBoundingBox" : {
            "height" : 0.09128823091785684,
            "width" : 0.07414876452318651,
            "x" : 0.660920436484607,
            "y" : 0.7722041265527096
          },
          "text" : "Eleme"
        },
        {
          "confidence" : 0.5,
          "normalizedBoundingBox" : {
            "height" : 0.10161037849491852,
            "width" : 0.0519217745133806,
            "x" : 0.7137805092880324,
            "y" : 0.7768872038571717
          },
          "text" : "Discard a d En"
        },
        {
          "confidence" : 0.5,
          "normalizedBoundingBox" : {
            "height" : 0.06875,
            "width" : 0.03076379196976758,
            "x" : 0.775592226064694,
            "y" : 0.779999999819079
          },
          "text" : "to Lugia LE"
        },
        {
          "confidence" : 0.3,
          "normalizedBoundingBox" : {
            "height" : 0.10816666217793024,
            "width" : 0.01794555358389659,
            "x" : 0.8384016166091817,
            "y" : 0.7800000017527016
          },
          "text" : "ND: 249 Diving Pok"
        },
        {
          "confidence" : 0.3,
          "normalizedBoundingBox" : {
            "height" : 0.12099999807625583,
            "width" : 0.03589109539612021,
            "x" : 0.8666017504495763,
            "y" : 0.780000000625761
          },
          "text" : "mn i xaid to họ thơ nh"
        },
        {
          "confidence" : 0.3,
          "normalizedBoundingBox" : {
            "height" : 0.08481983348769923,
            "width" : 0.020177805801832704,
            "x" : 0.8867945485263962,
            "y" : 0.8155389449917805
          },
          "text" : "have boee soen"
        },
        {
          "confidence" : 0.3,
          "normalizedBoundingBox" : {
            "height" : 0.012833333493645332,
            "width" : 0.18330087383032373,
            "x" : 0.4756453391084982,
            "y" : 0.9129166666257964
          },
          "text" : "2010 Pokémon\/Mintendo"
        },
        {
          "confidence" : 1,
          "normalizedBoundingBox" : {
            "height" : 0.011124680745909069,
            "width" : 0.06413287374097715,
            "x" : 0.803771538163113,
            "y" : 0.914687659580173
          },
          "text" : "114\/123"
        }
      ]
    },
    {
      "kind" : "header_wide",
      "label" : "12_raw_header_wide_lowered",
      "normalizedRect" : {
        "height" : 0.22,
        "width" : 0.8798442202159674,
        "x" : 0.0600778898920163,
        "y" : 0.05
      },
      "text" : "Lugia",
      "tokens" : [
        {
          "confidence" : 0.5,
          "normalizedBoundingBox" : {
            "height" : 0.028285714285714282,
            "width" : 0.0869307163686435,
            "x" : 0.228670794364537,
            "y" : 0.18074285714285715
          },
          "text" : "Lugia"
        }
      ]
    }
  ],
  "scanID" : "CA6B1AC5-6120-4D8A-BA60-C5995A954C06",
  "setConfidenceReasons" : [

  ],
  "setHintTokens" : [

  ],
  "stage1AssessmentReasons" : [
    "collector_signal_weak",
    "title_signal_weak",
    "set_signal_weak",
    "fallback_exact_collector_allows_header_rescue"
  ],
  "titleConfidenceScore" : 0.58,
  "titleTextPrimary" : "Lugia",
  "warnings" : [
    "Target selection used fallback crop",
    "Rewrite raw escalation used focused ROIs"
  ]
}