{
  "collectorConfidenceReasons" : [
    "rewrite_raw_footer_band_metadata_agreement"
  ],
  "collectorConfidenceScore" : 0.92,
  "collectorNumber" : "175\/172",
  "contentRectNormalized" : {
    "height" : 1,
    "width" : 0.8528316676464824,
    "x" : 0.07358416617675877,
    "y" : 0
  },
  "fixtureName" : "whimsicott-vstar-175-172-slight-angle",
  "footerRouting" : {
    "anchorIdentifier" : "175\/172",
    "collectorAnchor" : {
      "height" : 0.10057561863062003,
      "width" : 0.22441555112220207,
      "x" : 0.1764427624090672,
      "y" : 0.8162425632159709
    },
    "reasons" : [
      "footer_band_collector_anchor"
    ]
  },
  "normalizedImageHeight" : 880,
  "normalizedImageWidth" : 630,
  "ocrRequestedGeometryKind" : "raw_card",
  "ocrTargetQualityReasons" : [
    "raw_card",
    "normalization:holder_like_selected_raw_card_preserved"
  ],
  "ocrTargetQualityScore" : 0.8387303246866198,
  "ocrUsedFallback" : false,
  "passSummaries" : [
    {
      "kind" : "footer_band_wide",
      "label" : "13_raw_footer_band",
      "normalizedRect" : {
        "height" : 0.2,
        "width" : 0.7675485008818342,
        "x" : 0.1162257495590829,
        "y" : 0.76
      },
      "text" : "weakness ©) x2 resistance でとしすせコ ilusSban Graphics VSTAR rule Wh is Knocked Out, your oppon 、175\/172 02022 PokerPOr Minterdo\/Creatures I GAME",
      "tokens" : [
        {
          "confidence" : 1,
          "normalizedBoundingBox" : {
            "height" : 0.013705349865378259,
            "width" : 0.10603740485289771,
            "x" : 0.1764427624090672,
            "y" : 0.8162425632159709
          },
          "text" : "weakness"
        },
        {
          "confidence" : 0.3,
          "normalizedBoundingBox" : {
            "height" : 0.022727272727272707,
            "width" : 0.09594356261022928,
            "x" : 0.28892416105820107,
            "y" : 0.8145454546590909
          },
          "text" : "©) x2"
        },
        {
          "confidence" : 1,
          "normalizedBoundingBox" : {
            "height" : 0.01269841209100704,
            "width" : 0.11267790211159301,
            "x" : 0.4542594654015151,
            "y" : 0.8187301589431586
          },
          "text" : "resistance"
        },
        {
          "confidence" : 0.3,
          "normalizedBoundingBox" : {
            "height" : 0.010576386287294605,
            "width" : 0.07035844494838582,
            "x" : 0.8056435488539357,
            "y" : 0.8217752986700566
          },
          "text" : "でとしすせコ"
        },
        {
          "confidence" : 1,
          "normalizedBoundingBox" : {
            "height" : 0.01833486407528102,
            "width" : 0.19469898026528934,
            "x" : 0.1928842229194057,
            "y" : 0.8660195374004416
          },
          "text" : "ilusSban Graphics"
        },
        {
          "confidence" : 1,
          "normalizedBoundingBox" : {
            "height" : 0.019055999708026183,
            "width" : 0.1641691715035932,
            "x" : 0.573544798809374,
            "y" : 0.8627735874276783
          },
          "text" : "VSTAR rule"
        },
        {
          "confidence" : 1,
          "normalizedBoundingBox" : {
            "height" : 0.01269841209100704,
            "width" : 0.03569992964815725,
            "x" : 0.8402649609558319,
            "y" : 0.8679365082005283
          },
          "text" : "Wh"
        },
        {
          "confidence" : 1,
          "normalizedBoundingBox" : {
            "height" : 0.020532915360501572,
            "width" : 0.30382126367045525,
            "x" : 0.5767548560142728,
            "y" : 0.8894670847076802
          },
          "text" : "is Knocked Out, your oppon"
        },
        {
          "confidence" : 0.3,
          "normalizedBoundingBox" : {
            "height" : 0.015909090909090918,
            "width" : 0.1215285054681821,
            "x" : 0.27932980806308716,
            "y" : 0.9009090909375
          },
          "text" : "、175\/172"
        },
        {
          "confidence" : 1,
          "normalizedBoundingBox" : {
            "height" : 0.01285266457680252,
            "width" : 0.1349903547800781,
            "x" : 0.45314384614927433,
            "y" : 0.9289655172762338
          },
          "text" : "02022 PokerPOr"
        },
        {
          "confidence" : 1,
          "normalizedBoundingBox" : {
            "height" : 0.01910381855262111,
            "width" : 0.24929460539690637,
            "x" : 0.6124417426709913,
            "y" : 0.9277964732896722
          },
          "text" : "Minterdo\/Creatures I GAME"
        }
      ]
    },
    {
      "footerFamily" : "modern_left",
      "footerRole" : "set_badge",
      "kind" : "footer_metadata",
      "label" : "14_raw_footer_modern_left_set_anchored",
      "normalizedRect" : {
        "height" : 0.098,
        "width" : 0.11769077013521459,
        "x" : 0.07358416617675877,
        "y" : 0.7509971920375988
      },
      "text" : "",
      "tokens" : [

      ]
    },
    {
      "footerFamily" : "modern_left",
      "footerRole" : "collector",
      "kind" : "footer_metadata",
      "label" : "15_raw_footer_modern_left_collector_anchored",
      "normalizedRect" : {
        "height" : 0.2212663609873641,
        "width" : 0.40394799201996373,
        "x" : 0.0866765419601864,
        "y" : 0.7558971920375989
      },
      "text" : "weakness res Illus-Sban Graphics F 175\/172 1020",
      "tokens" : [
        {
          "confidence" : 1,
          "normalizedBoundingBox" : {
            "height" : 0.01243673293531044,
            "width" : 0.10512452275642428,
            "x" : 0.1779591758851088,
            "y" : 0.8163424086818774
          },
          "text" : "weakness"
        },
        {
          "confidence" : 1,
          "normalizedBoundingBox" : {
            "height" : 0.00898303602299127,
            "width" : 0.03349812616750922,
            "x" : 0.44990132160902085,
            "y" : 0.821142401067969
          },
          "text" : "res"
        },
        {
          "confidence" : 1,
          "normalizedBoundingBox" : {
            "height" : 0.018241221639165067,
            "width" : 0.19692464610973232,
            "x" : 0.1893466549575552,
            "y" : 0.8658211852261802
          },
          "text" : "Illus-Sban Graphics"
        },
        {
          "confidence" : 1,
          "normalizedBoundingBox" : {
            "height" : 0.019857237524507014,
            "width" : 0.020361606101819314,
            "x" : 0.25942178072220023,
            "y" : 0.8915883151500977
          },
          "text" : "F"
        },
        {
          "confidence" : 1,
          "normalizedBoundingBox" : {
            "height" : 0.013710949719302477,
            "width" : 0.10246485651238105,
            "x" : 0.30014499353997115,
            "y" : 0.901516933867436
          },
          "text" : "175\/172"
        },
        {
          "confidence" : 1,
          "normalizedBoundingBox" : {
            "height" : 0.012743291455274116,
            "width" : 0.04733747491218964,
            "x" : 0.4393767714811424,
            "y" : 0.9293343591445034
          },
          "text" : "1020"
        }
      ]
    },
    {
      "footerFamily" : "legacy_right_mid",
      "footerRole" : "set_badge",
      "kind" : "footer_metadata",
      "label" : "16_raw_footer_legacy_right_mid_set_anchored",
      "normalizedRect" : {
        "height" : 0.102,
        "width" : 0.1066039584558103,
        "x" : 0.07358416617675877,
        "y" : 0.7477371920375989
      },
      "text" : "",
      "tokens" : [

      ]
    },
    {
      "footerFamily" : "legacy_right_mid",
      "footerRole" : "collector",
      "kind" : "footer_metadata",
      "label" : "17_raw_footer_legacy_right_mid_collector_anchored",
      "normalizedRect" : {
        "height" : 0.2212663609873641,
        "width" : 0.40394799201996373,
        "x" : 0.0866765419601864,