{
  "collectorConfidenceReasons" : [
    "rewrite_raw_footer_band_wide"
  ],
  "collectorConfidenceScore" : 0.66,
  "collectorNumber" : "066\/095",
  "contentRectNormalized" : {
    "height" : 1,
    "width" : 0.999512325577737,
    "x" : 0.00024383721113155034,
    "y" : 0
  },
  "fixtureName" : "eevee-and-snorlax-gx-066-095-overhead",
  "footerRouting" : {
    "anchorIdentifier" : "066\/095",
    "collectorAnchor" : {
      "height" : 0.01601375033315755,
      "width" : 0.10603477998523775,
      "x" : 0.31117071491452925,
      "y" : 0.8394059367616967
    },
    "reasons" : [
      "footer_band_collector_anchor"
    ]
  },
  "normalizedImageHeight" : 880,
  "normalizedImageWidth" : 630,
  "ocrRequestedGeometryKind" : "fallback",
  "ocrTargetQualityReasons" : [
    "fallback",
    "fallback:best_rectangle_aspect_mismatch",
    "normalization:exact_reticle_fallback"
  ],
  "ocrTargetQualityScore" : 0.58,
  "ocrUsedFallback" : true,
  "passSummaries" : [
    {
      "kind" : "footer_band_wide",
      "label" : "13_raw_footer_band",
      "normalizedRect" : {
        "height" : 0.22,
        "width" : 0.999512325577737,
        "x" : 0.00024383721113155034,
        "y" : 0.78
      },
      "text" : "x 2 甚城力 TAG TEAMがきぜつしたとき、範手はサイドを3段とる。 TAG TEAMルール Illus.Minsuhira Arito C) 066\/095 RR KSORAT",
      "tokens" : [
        {
          "confidence" : 0.3,
          "normalizedBoundingBox" : {
            "height" : 0.016499999519063956,
            "width" : 0.03459850275005023,
            "x" : 0.350073151553133,
            "y" : 0.7900833336769264
          },
          "text" : "x 2"
        },
        {
          "confidence" : 0.3,
          "normalizedBoundingBox" : {
            "height" : 0.012845373727530663,
            "width" : 0.05440993622027495,
            "x" : 0.4337524066427672,
            "y" : 0.7849135385302376
          },
          "text" : "甚城力"
        },
        {
          "confidence" : 0.3,
          "normalizedBoundingBox" : {
            "height" : 0.038011208345691924,
            "width" : 0.3474266429893883,
            "x" : 0.4598099088843521,
            "y" : 0.8009270231258886
          },
          "text" : "TAG TEAMがきぜつしたとき、範手はサイドを3段とる。"
        },
        {
          "confidence" : 0.3,
          "normalizedBoundingBox" : {
            "height" : 0.021053280762068537,
            "width" : 0.14980208635653924,
            "x" : 0.47444436388709366,
            "y" : 0.7965976770802111
          },
          "text" : "TAG TEAMルール"
        },
        {
          "confidence" : 0.3,
          "normalizedBoundingBox" : {
            "height" : 0.016875683912916644,
            "width" : 0.11959379299203747,
            "x" : 0.2633242941327702,
            "y" : 0.8239398905150134
          },
          "text" : "Illus.Minsuhira Arito"
        },
        {
          "confidence" : 0.5,
          "normalizedBoundingBox" : {
            "height" : 0.01601375033315753,
            "width" : 0.10603477998523772,
            "x" : 0.31117071491452925,
            "y" : 0.8394059367616967
          },
          "text" : "C) 066\/095 RR"
        },
        {
          "confidence" : 0.3,
          "normalizedBoundingBox" : {
            "height" : 0.012386178396492776,
            "width" : 0.05832157068692693,
            "x" : 0.4169568115216761,
            "y" : 0.8522378054193498
          },
          "text" : "KSORAT"
        }
      ]
    },
    {
      "kind" : "header_wide",
      "label" : "12_raw_header_wide_lowered",
      "normalizedRect" : {
        "height" : 0.22,
        "width" : 0.8795708465084086,
        "x" : 0.06021457674579577,
        "y" : 0.05
      },
      "text" : "",
      "tokens" : [

      ]
    },
    {
      "kind" : "header_wide",
      "label" : "12_raw_header_wide",
      "normalizedRect" : {
        "height" : 0.2,
        "width" : 0.8795708465084086,
        "x" : 0.06021457674579577,
        "y" : 0
      },
      "text" : "",
      "tokens" : [

      ]
    }
  ],
  "scanID" : "122EEDEB-D5C4-4CC8-A6E4-C057A1B5BF81",
  "setConfidenceReasons" : [

  ],
  "setHintTokens" : [

  ],
  "stage1AssessmentReasons" : [
    "collector_signal_weak",
    "title_signal_weak",
    "set_signal_weak",
    "fallback_exact_collector_allows_header_rescue"
  ],
  "warnings" : [
    "Target selection used fallback crop",
    "Rewrite raw escalation used focused ROIs",
    "Low-confidence rewrite raw evidence"
  ]
}